feature_id,locus,major_rna,dicer_call,known_mirnas
Cluster_4,Pocillopora_meandrina_HIv1___Sc0000000:173876-173969,UUUGAUUGCUGUGAUCUGGUUG,22,apa-mir-2050_Exaiptasia_pallida_Baumgarten_et_al._2017_miR-2050;_Nve;_Spis;_Adi
Cluster_20,Pocillopora_meandrina_HIv1___Sc0000000:818027-818120,UGUUCUCUCUGCAGUAAGCAUGU,23,
Cluster_321,Pocillopora_meandrina_HIv1___Sc0000000:16198048-16198139,UAUGAUAUCAUAGCCUUUGAGA,22,
Cluster_372,Pocillopora_meandrina_HIv1___Sc0000000:20372416-20372510,UCAAGUCUAGGCUGGUUAGUUU,22,spi-miR-L-temp-15_Stylophora_pistillata_Praher_et_al._2021_NA;spi-mir-temp-15_Stylophora_pistillata_Liew_et_al._2014_NA
Cluster_425,Pocillopora_meandrina_HIv1___Sc0000001:1459402-1459496,AAAGAAGUGCAAGUGGUAGAGA,22,
Cluster_789,Pocillopora_meandrina_HIv1___Sc0000001:19145766-19145858,CGCUCUUAAAAUCUCCUAGC,N,
Cluster_958,Pocillopora_meandrina_HIv1___Sc0000002:3841944-3842042,UUGUGUAACUCCCUAAGGAAGG,22,
Cluster_1047,Pocillopora_meandrina_HIv1___Sc0000002:10845722-10845816,UUGCCGUUAACCCAAAACCUUC,22,
Cluster_1094,Pocillopora_meandrina_HIv1___Sc0000002:15749261-15749351,ACGCUAGGAAGGGAUGCCGGGA,22,
Cluster_1104,Pocillopora_meandrina_HIv1___Sc0000002:16106559-16106650,UGUUAUUUUUAUCGUCCAUUAGU,23,
Cluster_1126,Pocillopora_meandrina_HIv1___Sc0000002:18085443-18085535,UGUUGAUGUUGAUUCUAGUUAUG,23,
Cluster_1159,Pocillopora_meandrina_HIv1___Sc0000003:495066-495158,UAUAUUGUACGACUCUCAUCGU,22,Adi-Mir-2036_3p_Acropora_digitifera_Gajigan_&_Conaco_2017_nve-miR-2036-3p;_nve-miR-2036-3p;_spi-miR-temp-30;eca-nve-F-miR-2036_Edwardsiella_carnea_Praher_et_al._2021_Transcriptome-level;spi-mir-temp-30_Stylophora_pistillata_Liew_et_al._2014_Close_match_of_nve-miR-2036.;spi-nve-F-miR-2036_Stylophora_pistillata_Praher_et_al._2021_NA;ami-nve-F-miR-2036-3p_Acropora_millepora_Praher_et_al._2021_NA
Cluster_1338,Pocillopora_meandrina_HIv1___Sc0000003:10129512-10129606,AAAUUGCUCCGAAAUACAUCUAU,23,spi-mir-temp-23_Stylophora_pistillata_Liew_et_al._2014_NA
Cluster_1345,Pocillopora_meandrina_HIv1___Sc0000003:10366033-10366130,ACCCGUAGAUCCGAACUUGUGG,N,hsa-miR-100-5p;mmu-miR-100-5p;rno-miR-100-5p;gga-miR-100-5p;aga-miR-100;dre-miR-100-5p;ggo-miR-100;age-miR-100;ppa-miR-100;ppy-miR-100;ptr-miR-100;mml-miR-100-5p;sla-miR-100;lla-miR-100;fru-miR-100;tni-miR-100;xtr-miR-100;mdo-miR-100-5p;ame-miR-100-5p;oan-miR-100-5p;tca-miR-100-5p;bta-miR-100;lgi-miR-100;sko-miR-100;bmo-miR-100;eca-miR-100;ssc-miR-100;bma-miR-100b;aae-miR-100;cqu-miR-100-5p;tgu-miR-100-5p;nvi-miR-100;pma-miR-100a-5p;aca-miR-100;ola-miR-100;sha-miR-100;cgr-miR-100-5p;mse-miR-100;ccr-miR-100;ipu-miR-100;pmi-miR-100-5p;bbe-miR-100-5p;ssa-miR-100a-5p;cpi-miR-100-5p;ami-miR-100-5p;cli-miR-100-5p;pbv-miR-100-5p;chi-miR-100-5p;tch-miR-100-5p;pal-miR-100-5p;tcf-miR-100;abu-miR-100;mze-miR-100;nbr-miR-100;oni-miR-100;pny-miR-100;gmo-miR-100a-5p;pte-miR-100b-5p;xla-miR-100-5p;cpo-miR-100-5p;dno-miR-100-5p;ocu-miR-100-5p;mmr-miR-100;dma-miR-100;cja-miR-100;nle-miR-100;pha-miR-100;sbo-miR-100;oga-miR-100;dqu-miR-100-5p;pca-miR-100-5p;eca-nve-F-miR-100_Edwardsiella_carnea_Praher_et_al._2021_Transcriptome-level;apa-mir-100_Exaiptasia_pallida_Baumgarten_et_al._2017_miR-100;_Nve;_Spis;_Adi;mse-nve-F-miR-100_Metridium_senile_Praher_et_al._2021_Transcriptome-level;sca-nve-F-miR-100_Scolanthus_callimorphus_Praher_et_al._2021_Transcriptome-level;spi-nve-F-miR-100_Stylophora_pistillata_Praher_et_al._2021_NA;epa-nve-F-miR-100_Exaiptasia_pallida_Praher_et_al._2021_NA;spi-mir-temp-1_Stylophora_pistillata_Liew_et_al._2014_Matches_miR-100_family.;avi-miR-temp-100_Anemonia_viridis_Urbarova_et_al._2018_NA;miR-100_Nematostella_vectensis_Moran_et_al._2014_NA
Cluster_1827,Pocillopora_meandrina_HIv1___Sc0000005:601572-601666,AAAGAAGUACAAGUGGUAGGG,N,nve-miR-2023-3p;eca-nve-F-miR-2023_Edwardsiella_carnea_Praher_et_al._2021_Transcriptome-level;Adi-Mir-2023_3p_Acropora_digitifera_Gajigan_&_Conaco_2017_nve-miR-2023-3p;_nve-miR-2023-3p;_spi-miR-temp-4;apa-mir-2023_Exaiptasia_pallida_Baumgarten_et_al._2017_miR-2023;_Nve;_Spis;_Adi;mse-nve-F-miR-2023_Metridium_senile_Praher_et_al._2021_Transcriptome-level;sca-nve-miR-2023-3p_Scolanthus_callimorphus_Praher_et_al._2021_Transcriptome-level;spi-nve-F-miR-2023_Stylophora_pistillata_Praher_et_al._2021_NA;epa-nve-F-miR-2023_Exaiptasia_pallida_Praher_et_al._2021_NA;spi-mir-temp-4_Stylophora_pistillata_Liew_et_al._2014_Exact_match_of_nve-miR-2023.;miR-2023_Nematostella_vectensis_Moran_et_al._2014_NA;ami-nve-F-miR-2023-3p_Acropora_millepora_Praher_et_al._2021_NA;avi-miR-temp-2023_Anemonia_viridis_Urbarova_et_al._2018_NA
Cluster_1970,Pocillopora_meandrina_HIv1___Sc0000005:10385497-10385597,UCAGGGAUUGUGGUGAGUUAGUU,23,spi-mir-temp-3_Stylophora_pistillata_Liew_et_al._2014_NA
Cluster_1990,Pocillopora_meandrina_HIv1___Sc0000005:11260734-11260823,UCAGGUUAGGAGCAUGGUAUAGA,N,
Cluster_1991,Pocillopora_meandrina_HIv1___Sc0000005:11261356-11261449,UAUGCCAGGUCCUAACUUGAAA,N,
Cluster_2871,Pocillopora_meandrina_HIv1___Sc0000008:3576420-3576514,CGAUGGAACACACAAGUAGAGA,22,
Cluster_2873,Pocillopora_meandrina_HIv1___Sc0000008:3619341-3619435,UGUGCUUUGGUUCAAAAAUGUC,22,
Cluster_2897,Pocillopora_meandrina_HIv1___Sc0000008:5387739-5387831,CGCUGGAAUUGUACAGAAGAUGA,N,
Cluster_3017,Pocillopora_meandrina_HIv1___Sc0000009:3894900-3894992,UAGCAUAACAUUGUAAG,N,Adi-Mir-2030_5p_Acropora_digitifera_Gajigan_&_Conaco_2017_nve-miR-2030-5p;_nve-miR-2030-5p;_spi-miR-temp-40;adi-nve-F-miR-2030_Acropora_digitifera__Praher_et_al._2021_NA;ami-nve-F-miR-2030-5p_Acropora_millepora_Praher_et_al._2021_NA;spi-mir-temp-40_Stylophora_pistillata_Liew_et_al._2014_Close_match_of_nve-miR-2030;eca-nve-F-miR-2030_Edwardsiella_carnea_Praher_et_al._2021_Transcriptome-level;miR-2030_Nematostella_vectensis_Moran_et_al._2014_NA
Cluster_3415,Pocillopora_meandrina_HIv1___Sc0000010:8012916-8013008,UUACUUCAAUGUUAUCGGUUUGU,23,
Cluster_3713,Pocillopora_meandrina_HIv1___Sc0000012:6455183-6455276,UGAAAUACUCUGACGGAGUCAGC,N,
Cluster_4092,Pocillopora_meandrina_HIv1___Sc0000014:2366038-2366132,AUUUUUAGCCCGCGGAAGUUGC,22,ami-nve-F-miR-2025-3p_Acropora_millepora_Praher_et_al._2021_NA;Adi-Mir-2025_3p_Acropora_digitifera_Gajigan_&_Conaco_2017_nve-miR-2025-3p;_nve-miR-2025-3p;adi-nve-F-miR-2025_Acropora_digitifera__Praher_et_al._2021_NA
Cluster_4094,Pocillopora_meandrina_HIv1___Sc0000014:2594743-2594833,CGUGGCGCGUUAUUGUUUCGGU,22,
Cluster_4485,Pocillopora_meandrina_HIv1___Sc0000016:7549557-7549654,UCAGUUCCACCAGCUCACCAAU,22,
Cluster_4487,Pocillopora_meandrina_HIv1___Sc0000016:7550593-7550685,UCAGUCCCACCAUCUCACCAAU,22,
Cluster_4489,Pocillopora_meandrina_HIv1___Sc0000016:7553282-7553379,AGGUGAGCUGUGGGAACUCUUA,22,
Cluster_4490,Pocillopora_meandrina_HIv1___Sc0000016:7555638-7555732,UCAGUCCCACCAGCUCACCAAU,22,
Cluster_4609,Pocillopora_meandrina_HIv1___Sc0000017:5050908-5051000,AACUGCUGAGAUUCUAUGGAUUU,23,
Cluster_4826,Pocillopora_meandrina_HIv1___Sc0000018:6855499-6855592,GGAUUAAAAUUUGUUGGGUGUGC,23,
Cluster_4827,Pocillopora_meandrina_HIv1___Sc0000018:6857839-6857933,CUCCGAACAGUUUUAGUCUGAUG,23,
Cluster_5123,Pocillopora_meandrina_HIv1___Sc0000020:2454367-2454459,UCCAGCACCAAUGUUAUUGUU,21,spi-mir-temp-26_Stylophora_pistillata_Liew_et_al._2014_NA
Cluster_5226,Pocillopora_meandrina_HIv1___Sc0000021:1499866-1499959,UGUGAUUGGAGACUUUUAUCGU,22,eca-nve-F-miR-2037_Edwardsiella_carnea_Praher_et_al._2021_Transcriptome-level;apa-mir-2037_Exaiptasia_pallida_Baumgarten_et_al._2017_miR-2037;_Nve;_Spis;mse-nve-F-miR-2037-3p_Metridium_senile_Praher_et_al._2021_Transcriptome-level;spi-mir-temp-20_Stylophora_pistillata_Liew_et_al._2014_NA;spi-nve-F-miR-2037_Stylophora_pistillata_Praher_et_al._2021_NA;sca-nve-F-miR-2037-3p_Scolanthus_callimorphus_Praher_et_al._2021_Transcriptome-level;ami-nve-F-miR-2037-3p_Acropora_millepora_Praher_et_al._2021_NA;avi-miR-temp-2037_Anemonia_viridis_Urbarova_et_al._2018_NA
Cluster_5267,Pocillopora_meandrina_HIv1___Sc0000021:4351817-4351909,ACUGAUAUUCACCAAGUGAUU,N,spi-mir-temp-34_Stylophora_pistillata_Liew_et_al._2014_NA
Cluster_5627,Pocillopora_meandrina_HIv1___Sc0000024:4808666-4808760,AGAACCCAAGAAUCUCGAAG,N,
Cluster_5749,Pocillopora_meandrina_HIv1___Sc0000026:1154718-1154812,UAAGAUCAAGUUCAUGGUAUUCU,23,
Cluster_6456,Pocillopora_meandrina_HIv1___Sc0000035:1989820-1989912,UAUUUACAACUCUCAAAACAAC,N,
Cluster_6807,Pocillopora_meandrina_HIv1___Sc0000044:409991-410084,UUCCAAAUCUGUGAUGUUAUUGA,23,
