train,test,trait,genes,R2_base,R2_mol,dR2
Apul,Peve,AFDW,9017,-0.5072326532020937,-0.5545829669979547,-0.047350313795861076
Apul,Peve,calc,9017,0.6562482679539348,0.6562538130887936,5.545134858842005e-6
Apul,Ptuh,AFDW,9017,0.18272351746213678,0.14889865602350072,-0.033824861438636056
Apul,Ptuh,calc,9017,-0.34314659399752245,-0.34326420013909975,-1.1760614157729776e-4
Peve,Apul,AFDW,9017,-0.0740364548291843,-0.07402443679049364,1.2018038690664312e-5
Peve,Apul,calc,9017,0.5002201310749688,0.4769115532407231,-0.02330857783424567
Peve,Ptuh,AFDW,9017,-0.011660684725551151,-0.011662175364014038,-1.490638462886551e-6
Peve,Ptuh,calc,9017,-0.30794426960813537,-0.42824735699241634,-0.12030308738428097
Ptuh,Apul,AFDW,9017,0.2662272695678376,0.2793364942229757,0.013109224655138085
Ptuh,Apul,calc,9017,-0.013050945058359575,0.06726632215010608,0.08031726720846566
Ptuh,Peve,AFDW,9017,-0.3015844366728613,-0.34186188918332316,-0.040277452510461886
Ptuh,Peve,calc,9017,0.14263427652803196,0.21999700220237806,0.0773627256743461
