row,y1,pred_base,pred_mol,k,n_pc_selected,species,trait,cv
1,1.211578181202209,1.0861495447297882,1.0861649704454786,13,0,Apul,AFDW,site
2,0.6641778277075385,0.9856518978098673,0.9856099511272449,13,0,Apul,AFDW,site
3,1.1328360830594757,1.4539366447967448,1.4539925269898566,13,0,Apul,AFDW,site
4,1.1518671498015645,1.0164523859736785,1.0165702306768596,13,0,Apul,AFDW,site
5,1.6196291734632895,0.979329915893908,0.9792972592741565,13,0,Apul,AFDW,site
6,2.5866328512104606,1.5550962795871373,1.5550035091299106,13,0,Apul,AFDW,site
7,2.090794723652589,1.0422996415765096,1.0423795041037238,13,0,Apul,AFDW,site
8,1.2808344192884495,1.0787400751734153,1.0785613367328062,13,0,Apul,AFDW,site
9,3.396840090414332,1.5192259511256512,1.5191858916079743,13,0,Apul,AFDW,site
10,2.0621379829765623,1.0696124873251045,1.0696522140123939,13,0,Apul,AFDW,site
11,0.2940515271791204,1.0757060060562935,1.075531726137273,13,0,Apul,AFDW,site
12,1.2749253881550244,1.4147490487416494,1.4148625165520485,13,0,Apul,AFDW,site
13,1.205565886486482,1.0067669693803096,1.006899046665975,13,0,Apul,AFDW,site
14,1.1161658595036907,0.9850153384074479,0.9849743271398501,13,0,Apul,AFDW,site
15,2.333456819190185,1.501791456482588,1.5017770167078193,13,0,Apul,AFDW,site
16,1.2405679876621118,2.2206832112266475,2.105868343098316,14,11,Apul,AFDW,site
17,1.1037552686552203,0.8178641356899548,0.9522521838627579,14,11,Apul,AFDW,site
18,1.3933938258841252,2.208351906248884,2.289383810090501,14,11,Apul,AFDW,site
19,0.8745876449004224,1.892944105517255,1.5227732756343586,14,11,Apul,AFDW,site
20,0.9063450924095308,0.6045215660601364,0.9687003042481445,14,11,Apul,AFDW,site
21,1.053486927145767,2.0932747030485066,2.324817896299226,14,11,Apul,AFDW,site
22,1.294882704429518,1.464228692598142,1.8750128792419336,14,11,Apul,AFDW,site
23,1.2187150599029013,0.8495260581758288,1.5340926407743283,14,11,Apul,AFDW,site
24,1.9876105208996533,2.275365935154961,2.965181445529607,14,11,Apul,AFDW,site
25,0.8538802260022792,1.7645049436632965,1.839049073616304,14,11,Apul,AFDW,site
26,0.8646066781552855,0.5924504970928952,0.9659391366306271,14,11,Apul,AFDW,site
27,1.5333688998310602,2.068943941231955,2.334108755859732,14,11,Apul,AFDW,site
28,1.1452721868083644,1.4141778709095298,1.5779909598201651,14,11,Apul,AFDW,site
29,0.7661554301573228,0.7623129252734206,1.077857395610135,14,11,Apul,AFDW,site
1,0,0.19058783535786392,0.19056863943171018,11,0,Apul,calc,site
2,0.2980466257197296,0.5080983438001216,0.5083023328246975,11,0,Apul,calc,site
3,0,-0.07373357229544975,-0.07343725007075264,11,0,Apul,calc,site
4,0,0.18780766259077872,0.1877985113595175,11,0,Apul,calc,site
5,0.6019141051201962,0.5080983438001216,0.5083023328246975,11,0,Apul,calc,site
6,0.00783187451393402,0.04759508045202848,0.047453045279301276,11,0,Apul,calc,site
7,0.4470249124246424,0.18868028747742818,0.18866798347420768,11,0,Apul,calc,site
8,0.11592861235351104,0.68658710632269,0.6861462198983336,11,0,Apul,calc,site
9,0,-0.14644991971889376,-0.14589087514391155,11,0,Apul,calc,site
10,0.3980311844762613,0.18780766259077872,0.1877985113595175,11,0,Apul,calc,site
11,0.32558505379449665,0.6670248187860908,0.6666546104188794,11,0,Apul,calc,site
12,0,-0.06273798835311067,-0.06248139289905663,11,0,Apul,calc,site
13,0.2800385785246229,0.19015863929206858,0.1901409940405999,11,0,Apul,calc,site
14,0.20794443380205355,0.619912558064668,0.6197125651208455,11,0,Apul,calc,site
15,0.0032224158914026,-0.10970970760461562,-0.10928340449999951,11,0,Apul,calc,site
16,0,0.2245518667129841,0.22453570373527962,14,0,Apul,calc,site
17,0.3177199522151678,0.38634699566893355,0.3864052478587642,14,0,Apul,calc,site
18,0.00448907394184677,-4.519404641003949e-4,-4.5341521086572634e-4,14,0,Apul,calc,site
19,0.5100733032358052,0.216735935548611,0.21671544384719454,14,0,Apul,calc,site
20,0,0.2249241388156492,0.22490818201466817,14,0,Apul,calc,site
21,0.6109215480545741,0.38634699566893355,0.3864052478587642,14,0,Apul,calc,site
22,0.01367748125122289,-0.10008418211150678,-0.10014083652117177,14,0,Apul,calc,site
23,0.27972303820232725,0.22121733243808778,0.22119932268393647,14,0,Apul,calc,site
24,0.5817262861582619,0.2912948754485998,0.29130048459974206,14,0,Apul,calc,site
25,0.00668111113189005,-0.09016339917754927,-0.09021455912629535,14,0,Apul,calc,site
26,0.17918471357174354,0.2172921742160998,0.2172719905782344,14,0,Apul,calc,site
27,0.7052589488147506,0.32545860032786744,0.32548313049083344,14,0,Apul,calc,site
1,8.909985090083715,5.002011164470535,5.002037851220908,14,0,Peve,AFDW,site
2,8.56355212207708,8.668221381409728,8.668194752663853,14,0,Peve,AFDW,site
3,3.085705332842309,8.983077052549607,8.983071331626467,14,0,Peve,AFDW,site
4,7.197872944280912,4.563126558914042,4.563156306934996,14,0,Peve,AFDW,site
5,7.833242625542355,4.674034319965183,4.674063294391754,14,0,Peve,AFDW,site
6,7.032174714647527,5.422789934390562,5.422813686160636,14,0,Peve,AFDW,site
7,4.642443678530615,7.5369364303375574,7.536917692434281,14,0,Peve,AFDW,site
8,6.580510407457272,6.620809258243833,6.620820014410152,14,0,Peve,AFDW,site
9,9.300079167585896,5.480862096563209,5.480885443273275,14,0,Peve,AFDW,site
10,6.432758839176487,8.903233161700957,8.903204893720893,14,0,Peve,AFDW,site
11,4.850156145257984,7.699382806142443,7.699386039134262,14,0,Peve,AFDW,site
12,4.912269940325875,7.668925734596701,7.503685625161849,10,4,Peve,AFDW,site
13,5.975802569926352,7.186959297744471,6.887663691853229,10,4,Peve,AFDW,site
14,5.156320779428034,4.943162684830737,4.244928733489694,10,4,Peve,AFDW,site
15,6.095961613570845,7.910019849269958,7.783984598878616,10,4,Peve,AFDW,site
16,5.304880027089366,6.970385442713685,6.750908376981034,10,4,Peve,AFDW,site
17,7.666780333214607,5.065917862393933,4.348651595399921,10,4,Peve,AFDW,site
18,6.265474668882063,7.886872804373693,7.537899117528499,10,4,Peve,AFDW,site
19,8.464528267393915,6.939370528360056,6.549271489401764,10,4,Peve,AFDW,site
20,6.364557589802334,4.487813601452347,4.112874327584135,10,4,Peve,AFDW,site
21,5.926043491782333,7.638138677375921,7.723414037462727,10,4,Peve,AFDW,site
22,9.229910383395158,7.00147446995542,6.82581253748186,10,4,Peve,AFDW,site
23,12.660967199910502,4.3477756513841594,4.287553632894875,10,4,Peve,AFDW,site
24,9.182368688957396,6.970811806099723,6.932254229583807,10,4,Peve,AFDW,site
25,7.035502677696527,6.4056817334459595,6.203784503268906,10,4,Peve,AFDW,site
26,8.965806786993397,4.7492749159938015,3.9518636003576373,10,4,Peve,AFDW,site
1,1.0679682982853869,0.4309015708531663,0.43084622179932064,14,0,Peve,calc,site
2,1.0201210796400886,0.6712688723158576,0.6709751996933122,14,0,Peve,calc,site
3,0.00845009167259126,-0.016335993995562542,-0.016370686270340173,14,0,Peve,calc,site
4,1.278575133047927,0.4150545213349309,0.414979474081063,14,0,Peve,calc,site
5,0.3686068864825056,0.4022012920979893,0.4021102680226854,14,0,Peve,calc,site
6,1.0333619648382255,0.9828057019356343,0.9828992758334637,14,0,Peve,calc,site
7,0.00448109151745218,-0.022234265370520343,-0.022276289314779773,14,0,Peve,calc,site
8,0.717700507940793,0.4321638371129236,0.4321100570813264,14,0,Peve,calc,site
9,0.798638348056067,0.8272988091700744,0.8271990848848566,14,0,Peve,calc,site
10,0.00220232352131351,0.08232548038481416,0.08241342629922098,14,0,Peve,calc,site
11,1.100056310505234,0.4321638371129236,0.4321100570813264,14,0,Peve,calc,site
12,0.955095313085949,0.6569749787337088,0.6566635385150847,14,0,Peve,calc,site
13,0.01926470231934622,0.012630318434586472,0.012631631866454652,14,0,Peve,calc,site
14,0,0.9063428821757974,0.9062642193089182,12,0,Peve,calc,site
15,1.3648230252992846,1.001676863244292,1.0038005423537857,12,0,Peve,calc,site
16,0.01351742708690955,-0.016718527998731525,-0.017752890049376968,12,0,Peve,calc,site
17,0.5845192624815598,0.9072168477835654,0.907173890501355,12,0,Peve,calc,site
18,0.6709780049233275,0.9658457973291503,0.9665056097298951,12,0,Peve,calc,site
19,6.384121760414201e-4,0.025814213444957157,0.026517512907890506,12,0,Peve,calc,site
20,0.7381755766898508,0.9079116888231692,0.9078971190488313,12,0,Peve,calc,site
21,0.8364967212250204,0.956426656034643,0.9567016524380438,12,0,Peve,calc,site
22,0.00794026310143358,0.01566790618928704,0.015956681522698468,12,0,Peve,calc,site
23,0,0.9072921837079471,0.9072523042507707,12,0,Peve,calc,site
24,1.2059909697873774,1.001676863244292,1.0038005423537857,12,0,Peve,calc,site
25,0.0232868201783802,-0.006982113451291072,-0.00761869740757759,12,0,Peve,calc,site
26,0.8047468117541491,0.9062017255016409,0.9061172957241009,12,0,Peve,calc,site
27,0.7090480355365804,0.9523458353247927,0.9524541111066056,12,0,Peve,calc,site
28,0.01248544074884118,0.02348051828065456,0.024088475375948493,12,0,Peve,calc,site
1,2.7877172075130225,2.206883625648359,2.3223540938580083,14,2,Ptuh,AFDW,site
2,1.985854050226568,1.2227355248062586,1.0787089591107568,14,2,Ptuh,AFDW,site
3,2.152438898388213,2.4110085996168316,2.3571659494002013,14,2,Ptuh,AFDW,site
4,1.372397262788889,1.3980477880330895,1.3658012516792644,14,2,Ptuh,AFDW,site
5,1.8883482029971064,2.651724765111982,2.643678076682735,14,2,Ptuh,AFDW,site
6,1.690264954450001,2.252026005240808,2.1086271550204216,14,2,Ptuh,AFDW,site
7,1.6935245308367253,1.525589936021586,1.506688571002839,14,2,Ptuh,AFDW,site
8,1.933568611866928,2.563106048973423,2.4216864829344393,14,2,Ptuh,AFDW,site
9,1.8551400643000864,2.3308479228164405,2.245353001407785,14,2,Ptuh,AFDW,site
10,2.259790260425773,1.4800907772396479,1.504211889446523,14,2,Ptuh,AFDW,site
11,2.0997583536693987,2.4068385907332503,2.4035445029526086,14,2,Ptuh,AFDW,site
12,1.3801704864399338,2.4120755364963165,2.27307985212537,14,2,Ptuh,AFDW,site
13,0.8884885000964906,1.6111640257081339,1.4565418442453173,14,2,Ptuh,AFDW,site
14,0.734130756525919,2.7852648831427276,2.7648420167919974,14,2,Ptuh,AFDW,site
15,2.2946351203271864,2.5553945470625457,2.555379134888106,13,0,Ptuh,AFDW,site
16,1.6130283885865857,1.8790705589312267,1.8790658364228792,13,0,Ptuh,AFDW,site
17,2.8858981102703023,1.708179613046486,1.7081785287765745,13,0,Ptuh,AFDW,site
18,1.7690303794526132,2.589424948248808,2.5894087018058025,13,0,Ptuh,AFDW,site
19,1.2016650116390584,1.488229945344453,1.4882348044462788,13,0,Ptuh,AFDW,site
20,3.579040905696332,1.4022890794379512,1.4022954941938495,13,0,Ptuh,AFDW,site
21,2.331463648984168,2.455285113917066,2.4552721559644493,13,0,Ptuh,AFDW,site
22,1.3110417858795422,1.9064563178835563,1.9064509240026402,13,0,Ptuh,AFDW,site
23,2.0793227310384066,1.4836218419338931,1.4836262627853773,13,0,Ptuh,AFDW,site
24,1.895208321094615,2.4723809017816856,2.472367524719157,13,0,Ptuh,AFDW,site
25,2.120094676961522,1.5820560855927663,1.582058644510147,13,0,Ptuh,AFDW,site
26,2.3432515227642496,2.085235000613701,2.085224672683812,13,0,Ptuh,AFDW,site
27,2.340425204583954,2.4395430400748133,2.4395304680452803,13,0,Ptuh,AFDW,site
28,0.7806791795951193,1.913120146454593,1.9131145892073191,13,0,Ptuh,AFDW,site
29,2.3257086405836738,1.0892432712254718,1.0892573604215292,13,0,Ptuh,AFDW,site
1,0.10108354420182653,0.5422440889568576,0.23085685779740442,14,7,Ptuh,calc,site
2,0.24018772211703024,0.050024515244516954,-0.021934907169253053,14,7,Ptuh,calc,site
3,0.08947531418320112,0.5422440889568576,0.2528179479459213,14,7,Ptuh,calc,site
4,0.2734772105528089,0.5422440889568576,0.16179009501494818,14,7,Ptuh,calc,site
5,0.26583137183111905,0.06068854980980215,0.04650450375784881,14,7,Ptuh,calc,site
6,0,0.014695425317926003,0.01118344930375135,14,7,Ptuh,calc,site
7,0,0.5423015083519823,0.2029241282517206,14,7,Ptuh,calc,site
8,0.06633596693711094,0.5429382472063589,0.14011197935194925,14,7,Ptuh,calc,site
9,0.01876572117950162,0.04787507801254559,-0.02641502112304032,14,7,Ptuh,calc,site
10,0.00863157710388722,-5.877152649734763e-4,0.17033918882777435,14,7,Ptuh,calc,site
11,0.1558214633676366,0.10521703124258196,0.08610576487097021,9,6,Ptuh,calc,site
12,0.10460007783487442,0.17805291081908223,0.12305929672312993,9,6,Ptuh,calc,site
13,0.0039582469685148,-0.008985428675705204,-0.040314404002373426,9,6,Ptuh,calc,site
14,0.199053157306921,0.10532123910936717,0.11621289130346449,9,6,Ptuh,calc,site
15,0.01621178631477101,0.19330642568284662,0.20715332258121086,9,6,Ptuh,calc,site
16,6.515715196441808e-4,-0.04017162555196281,-0.06531646094753148,9,6,Ptuh,calc,site
17,2.037083508584572,0.10607618509028499,0.1505439900248911,9,6,Ptuh,calc,site
18,0.16750929959303548,0.8418219181046498,1.0424572325715846,9,6,Ptuh,calc,site
19,0.00313901869268255,0.013210943053416135,0.0024501152519774885,9,6,Ptuh,calc,site
20,0.19338618081177472,0.10521703124258196,0.036137086227158124,9,6,Ptuh,calc,site
21,0.0982597761307179,0.19130693636552498,0.16381007114167356,9,6,Ptuh,calc,site
22,0.0074218423310496,-0.011222488514741974,-0.07280535108214214,9,6,Ptuh,calc,site
23,0.12604503171665443,0.10521703124258196,0.08867866524803888,9,6,Ptuh,calc,site
24,0,0.16754683989306202,0.24254097719014683,9,6,Ptuh,calc,site
25,0,-0.045891658726416415,-0.10675117623085649,9,6,Ptuh,calc,site
