group_id,Apul,Peve,Ptuh
OG_00870,0.4142988084326306,0.016593039543152676,0.12096530920060332
OG_01080,0.9320704756085141,0.8260963258269584,0.9567621920563097
OG_01247,0.6441592830227111,0.2511582803577201,0.5417797888386123
OG_01396,0.99317649455138,0.9985992888697338,1
OG_01583,0.9742336286790916,0.9265165391660382,0.9892408245349422
OG_01958,0.9271819940930849,0.6826850554897101,0.6554047259929613
OG_01987,0.4682757918321621,0.322379053981252,0.3926596279537456
OG_01995,0.9997963132701905,0.9995690119599181,0.999798893916541
OG_02582,0.915266320399226,0.7498114427324641,0.8403217697335345
OG_03002,0.8229962317954985,0.72373666630751,0.6742081447963801
OG_03086,0.9604847744169467,0.9850231656071544,0.979989944695827
OG_03523,0.2616356044403707,0.3251804762417843,0.28808446455505277
OG_03889,0.8071086668703534,0.6415256976618899,0.9291101055806938
OG_04232,0.7574091047968224,0.41288654239844846,0.5981900452488688
OG_04246,0.930746511864752,0.7077901088244801,0.8679738562091504
OG_04251,0.8148487626031164,0.9717702833746363,0.9266968325791856
OG_04655,0.8549750483755983,0.8375175088891283,0.8287581699346406
OG_04744,0.9072206945717487,0.8062708759831915,0.8642533936651584
OG_04881,0.9081372848558916,0.8416118952699062,0.8905982905982905
OG_05048,0.9440879926672777,0.775562978127357,0.8151835093011564
OG_05133,0.9634382319991852,0.7985130912617174,0.9684263448969331
OG_05657,0.869233119462267,0.8625148152138779,0.9050779286073404
OG_05670,0.9592626540380894,0.6225622238982869,0.9231774761186526
OG_06113,0.41185456767491596,0.24975756922745393,0.4188034188034188
OG_06811,0.3164273347591404,0.4956362460941709,0.47169431875314227
OG_07171,0.8742234443426011,0.7203965089968754,0.8217194570135746
OG_08019,0.17792035848864446,0.04977911862945803,0.14067370537958773
OG_08098,0.9916488440778083,0.9956901195991811,0.9984917043740573
OG_08319,0.6145228638354211,0.5865747225514492,0.44937154348919056
OG_08695,0.902026682961605,0.7626333369249003,0.7820010055304173
OG_09286,0.9917506874427131,0.9895485400280142,0.9889391654097537
OG_09656,0.974946532233425,0.8681176597349424,0.9362493715434892
OG_09833,0.9332925959873715,0.7954961749811442,0.857114127702363
OG_09959,0.5536205316223648,0.13382178644542614,0.4075414781297134
OG_10009,0.9951115184845707,0.9620730524727938,0.9693313222724987
OG_10127,0.9759649658824727,0.8397801960995582,0.7842131724484666
