species,gbm_decile,gbm_median,n,mean_expr_median,mean_expr_q25,mean_expr_q75,cv_median,cv_q25,cv_q75
Apul,1,0.2603147478632479,165,6.3242032489023545,5.59536837780957,7.5444753499925605,0.042979409731779564,0.03131125977430541,0.06872490300646476
Apul,2,0.3978628992692972,164,6.585518136909582,5.776044495914511,8.227444024056249,0.04541731794642498,0.026591007154343153,0.07191079316723611
Apul,3,0.6256615667582417,164,7.137993787015365,5.9783652468672255,8.348191482604578,0.042958759025711515,0.029196107480729004,0.06306599063398685
Apul,4,1.2257592806267807,164,7.156708717908147,6.1234212088195985,8.578620972781762,0.04576893997398468,0.03003841559577238,0.06784317156228944
Apul,5,2.7991547570726505,164,7.293522661026227,6.115357760888013,8.611604850523351,0.04252898567099282,0.028420249223886897,0.06569632277859191
Apul,6,5.564528389957264,164,7.471479555450713,5.968561645829725,8.91792549662998,0.04213843711564495,0.029298046241967208,0.06598037736898102
Apul,7,10.104200187423688,164,7.3610013066455675,6.137656582482422,8.816498174420131,0.04714121987139224,0.02900816304458273,0.06787292821785798
Apul,8,18.332994911554035,164,7.846556659156047,6.4478674446032755,9.065466435646627,0.03982125656597131,0.023135675048474944,0.06116158062660211
Apul,9,39.097167102262446,164,8.299504065329298,6.967723506095676,9.32624331847737,0.035859142924446606,0.023078058117598353,0.056588866625519055
Apul,10,62.787337779487174,164,8.867148567243534,7.6808807022386585,9.996098409117451,0.03376691752498479,0.021093290738446048,0.05945945090482378
Peve,1,0.34629357724746024,180,5.608713722098732,4.946543709543851,6.529752961201353,0.040273902667151223,0.024243972459256427,0.056164226437836626
Peve,2,0.49028717934634836,180,5.73724388871014,5.099823817360639,6.831690145208152,0.03514919684039087,0.02398964594961394,0.04748509194408802
Peve,3,0.7000141277027025,180,6.158173191143311,5.211206039085727,7.47911260994842,0.030576329134536267,0.018113790122635247,0.04696892929106193
Peve,4,1.29942879009009,180,6.3619176527841805,5.552888146156753,7.610030212185453,0.030076283081738625,0.01931155280661703,0.05026036942085342
Peve,5,2.412696704211656,180,6.214428771775699,5.381412271569415,7.67059691073683,0.028363589548164272,0.019192425909867562,0.04286725766121289
Peve,6,4.539138796609336,180,6.385509662436543,5.4324261106961895,7.557898493907717,0.027038745560320522,0.017793088764321462,0.04073759396029556
Peve,7,7.845387007949126,179,6.3310847241177965,5.160735162165553,7.525787746293961,0.03131365535098373,0.01851588064250748,0.04695710415684773
Peve,8,14.318353359886201,179,6.764785980715347,5.606467668450112,7.984123482910546,0.024005085952843414,0.016744426953968924,0.03719446046503273
Peve,9,27.129056056245442,179,6.580356649162925,5.591155394192922,7.906391720803764,0.02572573596984407,0.017567046880253068,0.03427490763603801
Peve,10,47.42348506606607,179,7.14008029390334,5.821992910401773,8.535193006300986,0.02447987269321409,0.015908862154276053,0.033793685990412596
Ptuh,1,0.26617991093749993,1660,6.261637325047176,5.585016877720454,7.480065555824078,0.03870253044700142,0.02726264196401726,0.05360540097292553
Ptuh,2,0.3508026853635404,1660,6.465158973674985,5.67230623351638,7.628729395487897,0.03897205932177622,0.027622891130235156,0.05459566435762027
Ptuh,3,0.4094682424095945,1660,6.714305759451026,5.748510106974178,7.949991463269512,0.04006716481353814,0.027448698294209165,0.05630833629557361
Ptuh,4,0.49103222458333334,1660,6.7315958777616265,5.805825129014529,7.970335219879541,0.03886388527116373,0.02764291705294916,0.05451783494831801
Ptuh,5,0.7064458092757937,1660,6.799548511782694,5.8394601029863145,8.133598951676433,0.03863176967105571,0.026896922724682228,0.05133065158396731
Ptuh,6,2.4001669623923183,1660,7.83023980489663,6.675562597981867,9.004621946981636,0.03271565107151904,0.02286711045189738,0.045971980440271336
Ptuh,7,5.971211515624999,1660,8.138754589795322,7.023255102407271,9.178308130418957,0.03038614078618477,0.021570584340806047,0.04139011432668298
Ptuh,8,11.53861476877795,1660,8.07154955874279,6.9021591832459395,9.269094217633175,0.030482875997633482,0.02117557090865409,0.04300388616886843
Ptuh,9,20.723016079774304,1660,8.103416470360084,6.981275904552862,9.261389717895247,0.031153249121589503,0.021667804566990512,0.0422623835185837
Ptuh,10,40.23719917806783,1660,8.160248732103167,7.202414845870612,9.287822268462975,0.030056363416461427,0.020771148510114426,0.041332660688276346
