species,analysis,null,threshold,observed,null_median,null_q95,null_max,ratio_to_null_median,p_emp,exceeds
Apul,primary,full permutation,0.8,337796,0,4.049999999999983,24,337796,0.004975124378109453,TRUE
Apul,primary,full permutation,0.9,17285,0,0,0,17285,0.004975124378109453,TRUE
Apul,primary,full permutation,0.95,832,0,0,0,832,0.004975124378109453,TRUE
Apul,primary,within-timepoint,0.8,337796,864.5,5487.7999999999975,40495,390.74146905725854,0.004975124378109453,TRUE
Apul,primary,within-timepoint,0.9,17285,0,1,94,17285,0.004975124378109453,TRUE
Apul,primary,within-timepoint,0.95,832,0,0,1,832,0.004975124378109453,TRUE
Peve,primary,full permutation,0.8,65442,0,4.049999999999983,60,65442,0.004975124378109453,TRUE
Peve,primary,full permutation,0.9,3707,0,0,0,3707,0.004975124378109453,TRUE
Peve,primary,full permutation,0.95,586,0,0,0,586,0.004975124378109453,TRUE
Peve,primary,within-timepoint,0.8,65442,1,7,229,65442,0.004975124378109453,TRUE
Peve,primary,within-timepoint,0.9,3707,0,0,34,3707,0.004975124378109453,TRUE
Peve,primary,within-timepoint,0.95,586,0,0,8,586,0.004975124378109453,TRUE
Ptuh,primary,full permutation,0.8,91823,0,32.34999999999988,1566,91823,0.004975124378109453,TRUE
Ptuh,primary,full permutation,0.9,2203,0,0,4,2203,0.004975124378109453,TRUE
Ptuh,primary,full permutation,0.95,282,0,0,0,282,0.004975124378109453,TRUE
Ptuh,primary,within-timepoint,0.8,91823,0,1449.8499999999995,2794,91823,0.004975124378109453,TRUE
Ptuh,primary,within-timepoint,0.9,2203,0,2,12,2203,0.004975124378109453,TRUE
Ptuh,primary,within-timepoint,0.95,282,0,0,0,282,0.004975124378109453,TRUE
Apul,colony-residualized,full permutation,0.8,1453246,0,1,3,1453246,0.004975124378109453,TRUE
Apul,colony-residualized,full permutation,0.9,98167,0,0,0,98167,0.004975124378109453,TRUE
Apul,colony-residualized,full permutation,0.95,5610,0,0,0,5610,0.004975124378109453,TRUE
Apul,colony-residualized,within-timepoint,0.8,1453246,20547,65512.35,150134,70.72789214970555,0.004975124378109453,TRUE
Apul,colony-residualized,within-timepoint,0.9,98167,5,118.2999999999999,643,19633.4,0.004975124378109453,TRUE
Apul,colony-residualized,within-timepoint,0.95,5610,0,0,0,5610,0.004975124378109453,TRUE
Peve,colony-residualized,full permutation,0.8,114392,0,3,78,114392,0.004975124378109453,TRUE
Peve,colony-residualized,full permutation,0.9,6476,0,0,0,6476,0.004975124378109453,TRUE
Peve,colony-residualized,full permutation,0.95,585,0,0,0,585,0.004975124378109453,TRUE
Peve,colony-residualized,within-timepoint,0.8,114392,1,8,224,114392,0.004975124378109453,TRUE
Peve,colony-residualized,within-timepoint,0.9,6476,0,0,3,6476,0.004975124378109453,TRUE
Peve,colony-residualized,within-timepoint,0.95,585,0,0,0,585,0.004975124378109453,TRUE
Ptuh,colony-residualized,full permutation,0.8,290460,0,7,47,290460,0.004975124378109453,TRUE
Ptuh,colony-residualized,full permutation,0.9,5705,0,0,0,5705,0.004975124378109453,TRUE
Ptuh,colony-residualized,full permutation,0.95,263,0,0,0,263,0.004975124378109453,TRUE
Ptuh,colony-residualized,within-timepoint,0.8,290460,2,38.099999999999966,906,145230,0.004975124378109453,TRUE
Ptuh,colony-residualized,within-timepoint,0.9,5705,0,0,0,5705,0.004975124378109453,TRUE
Ptuh,colony-residualized,within-timepoint,0.95,263,0,0,0,263,0.004975124378109453,TRUE
