layer,species,sample_id,top_feature,top_fraction,top5_fraction
genes,Apul,ACR-139-TP1,FUN_008076,0.011869129341036996,0.036422697375042036
genes,Apul,ACR-139-TP2,FUN_008076,0.014438209023345775,0.03727446984192541
genes,Apul,ACR-139-TP3,FUN_008076,0.02035730850664495,0.047682482058722865
genes,Apul,ACR-139-TP4,FUN_008076,0.016092404812081233,0.04045750367773294
genes,Apul,ACR-145-TP1,FUN_008076,0.029220133612965944,0.05913842740963224
genes,Apul,ACR-145-TP2,FUN_003792,0.027781239746421382,0.0833523026325954
genes,Apul,ACR-145-TP3,FUN_008076,0.03233521787443374,0.08660396932095472
genes,Apul,ACR-145-TP4,FUN_008076,0.041701914652140626,0.07977219633991062
genes,Apul,ACR-150-TP1,FUN_008076,0.03504927399968754,0.07283376355748886
genes,Apul,ACR-150-TP2,FUN_041676,0.018458323479244112,0.05456667682296518
genes,Apul,ACR-150-TP3,FUN_041676,0.016350141331615976,0.05308415159264159
genes,Apul,ACR-150-TP4,FUN_008076,0.023474694828967222,0.05576013226113775
genes,Apul,ACR-173-TP1,FUN_008076,0.03532228249123538,0.06947308072626286
genes,Apul,ACR-173-TP2,FUN_008076,0.01568017762626929,0.039467287597897104
genes,Apul,ACR-173-TP3,FUN_008076,0.028960399588511293,0.06384768824353823
genes,Apul,ACR-173-TP4,FUN_008076,0.036957090931743194,0.06901449379749564
genes,Apul,ACR-186-TP1,FUN_008076,0.03256644456951858,0.06850881213342705
genes,Apul,ACR-186-TP2,FUN_041676,0.02277199183519085,0.05758086008743041
genes,Apul,ACR-186-TP3,FUN_041676,0.02753477389309741,0.08332031345641142
genes,Apul,ACR-186-TP4,FUN_008076,0.018484895889758973,0.051385055921934895
genes,Apul,ACR-225-TP1,FUN_008076,0.03922433049381671,0.06402444979133785
genes,Apul,ACR-225-TP2,FUN_032993,0.013839932412915389,0.052536578903360456
genes,Apul,ACR-225-TP3,FUN_008076,0.018531478027234826,0.04299930480576015
genes,Apul,ACR-225-TP4,FUN_008076,0.04191138045012589,0.06957655211328238
genes,Apul,ACR-229-TP1,FUN_008076,0.026828850688489735,0.05418769563840723
genes,Apul,ACR-229-TP2,FUN_041676,0.029271633465655904,0.07467775801927522
genes,Apul,ACR-229-TP3,FUN_008076,0.019242856041221463,0.05062491517183917
genes,Apul,ACR-229-TP4,FUN_008076,0.03316019413136624,0.08011546858790655
genes,Apul,ACR-237-TP1,FUN_008076,0.036890209312433274,0.06676000559808766
genes,Apul,ACR-237-TP2,FUN_041676,0.02539739980317886,0.06660236519367996
genes,Apul,ACR-237-TP3,FUN_041676,0.015114802059072962,0.052580712782969004
genes,Apul,ACR-237-TP4,FUN_008076,0.03862638720256497,0.06510485814978181
genes,Apul,ACR-244-TP1,FUN_008076,0.04427735665477187,0.0704870980895647
genes,Apul,ACR-244-TP2,FUN_041676,0.0245576405855105,0.0603192726004544
genes,Apul,ACR-244-TP3,FUN_008076,0.015380338170500513,0.04345386518569925
genes,Apul,ACR-244-TP4,FUN_008076,0.040055839530130165,0.09568408893099313
genes,Apul,ACR-265-TP1,FUN_008076,0.031054360475442022,0.06298053976826168
genes,Apul,ACR-265-TP2,FUN_041676,0.026422590662155136,0.07386034188851101
genes,Apul,ACR-265-TP3,FUN_008076,0.023073065650871697,0.05315413985881546
genes,Apul,ACR-265-TP4,FUN_008076,0.04155331947231571,0.07311832471585096
genes,Peve,POR-216-TP1,Peve_00009618,0.0677561690089455,0.16365876537444526
genes,Peve,POR-216-TP2,Peve_00009618,0.114450030113264,0.2549774739326801
genes,Peve,POR-216-TP3,Peve_00009618,0.16547686962241073,0.3862062640884621
genes,Peve,POR-216-TP4,Peve_00009618,0.2308840052213959,0.531507778421899
genes,Peve,POR-236-TP1,Peve_00009618,0.12171809364503862,0.2935142025803755
genes,Peve,POR-236-TP2,Peve_00009618,0.2386738352625065,0.5240970105782676
genes,Peve,POR-245-TP1,Peve_00009618,0.10402487223181502,0.2539695528405772
genes,Peve,POR-245-TP2,Peve_00009618,0.2393811311718475,0.535784512898114
genes,Peve,POR-245-TP3,Peve_00009618,0.23173485449202655,0.49608549993801704
genes,Peve,POR-245-TP4,Peve_00009616,0.05606296926289654,0.14695874338795248
genes,Peve,POR-260-TP1,Peve_00009618,0.050061495104826756,0.13181023669506572
genes,Peve,POR-260-TP2,Peve_00009618,0.19340022772520943,0.44908525552927364
genes,Peve,POR-260-TP3,Peve_00009618,0.15336224204179724,0.35231262425428805
genes,Peve,POR-260-TP4,Peve_00009618,0.12955703153760528,0.3244059380769836
genes,Peve,POR-262-TP1,Peve_00009618,0.11407123823783387,0.26836230153706675
genes,Peve,POR-262-TP2,Peve_00009618,0.10017187165991868,0.2474148781505992
genes,Peve,POR-262-TP3,Peve_00009618,0.15027614847797235,0.34767859266553447
genes,Peve,POR-262-TP4,Peve_00009618,0.16164603159170296,0.4014526629035288
genes,Peve,POR-69-TP1,Peve_00009618,0.16456585112130173,0.3768887310271286
genes,Peve,POR-69-TP2,Peve_00009618,0.1552033987890771,0.3694996964563464
genes,Peve,POR-69-TP3,Peve_00009618,0.21644394342434675,0.5127168877713774
genes,Peve,POR-69-TP4,Peve_00009618,0.200146347698333,0.4862035767366086
genes,Peve,POR-72-TP1,Peve_00009618,0.08401231615486578,0.19208274123064759
genes,Peve,POR-72-TP2,Peve_00009618,0.08711547246456103,0.18057652646625777
genes,Peve,POR-72-TP3,Peve_00009618,0.11003782870360607,0.2668396613234024
genes,Peve,POR-72-TP4,Peve_00009618,0.0972030314160217,0.2510713084326677
genes,Peve,POR-73-TP1,Peve_00009618,0.19479408311722618,0.44755381015598217
genes,Peve,POR-73-TP2,Peve_00009618,0.21766317537559707,0.5159116369963143
genes,Peve,POR-73-TP3,Peve_00009618,0.30984369628086256,0.6699647583534843
genes,Peve,POR-73-TP4,Peve_00009618,0.17981309853439448,0.47707156355330493
genes,Peve,POR-74-TP1,Peve_00009618,0.10407811181590798,0.2338863007668326
genes,Peve,POR-74-TP2,Peve_00009618,0.21350615880512275,0.5356729948920885
genes,Peve,POR-74-TP3,Peve_00009618,0.17080094101815319,0.38418485394243423
genes,Peve,POR-74-TP4,Peve_00009618,0.24401157452220756,0.5724685193977614
genes,Peve,POR-83-TP1,Peve_00009618,0.1385242450094134,0.34826279803924287
genes,Peve,POR-83-TP2,Peve_00009618,0.15394588202929443,0.3687275941967183
genes,Peve,POR-83-TP3,Peve_00009618,0.22897416915755178,0.5370699817869696
genes,Peve,POR-83-TP4,Peve_00009618,0.2157346619054964,0.5071410828493846
genes,Ptuh,POC-201-TP1,Pocillopora_meandrina_HIv1___RNAseq.g12638.t1,0.014476073090733156,0.05110048714863872
genes,Ptuh,POC-201-TP2,Pocillopora_meandrina_HIv1___RNAseq.g30079.t1,0.019794017100218254,0.05504994324331633
genes,Ptuh,POC-201-TP3,Pocillopora_meandrina_HIv1___RNAseq.g30079.t1,0.03401330618653022,0.08011052677054636
genes,Ptuh,POC-219-TP1,Pocillopora_meandrina_HIv1___RNAseq.g30079.t1,0.02363518727240324,0.04988545146751037
genes,Ptuh,POC-219-TP2,Pocillopora_meandrina_HIv1___RNAseq.g30079.t1,0.02286766217756828,0.05472639217234585
genes,Ptuh,POC-219-TP3,Pocillopora_meandrina_HIv1___RNAseq.g30079.t1,0.03829109872139308,0.08078366339302562
genes,Ptuh,POC-219-TP4,Pocillopora_meandrina_HIv1___RNAseq.g30079.t1,0.019861734759522492,0.06690738023697979
genes,Ptuh,POC-222-TP1,Pocillopora_meandrina_HIv1___RNAseq.g30079.t1,0.014813422420025738,0.046678898767040455
genes,Ptuh,POC-222-TP2,Pocillopora_meandrina_HIv1___RNAseq.g30079.t1,0.019258123631681688,0.059091938546693513
genes,Ptuh,POC-222-TP3,Pocillopora_meandrina_HIv1___RNAseq.g30079.t1,0.019561319418411993,0.047729992531269944
genes,Ptuh,POC-222-TP4,Pocillopora_meandrina_HIv1___RNAseq.g30079.t1,0.022600761141335957,0.06658085799170509
genes,Ptuh,POC-255-TP1,Pocillopora_meandrina_HIv1___RNAseq.g30079.t1,0.02112896351342339,0.05679511141462461
genes,Ptuh,POC-255-TP2,Pocillopora_meandrina_HIv1___RNAseq.g30079.t1,0.025643794037676738,0.0575498750209225
genes,Ptuh,POC-255-TP3,Pocillopora_meandrina_HIv1___RNAseq.g30079.t1,0.043024993237138306,0.08777099104518439
genes,Ptuh,POC-255-TP4,Pocillopora_meandrina_HIv1___RNAseq.g30079.t1,0.027207138003368096,0.0580219812686501
genes,Ptuh,POC-259-TP1,Pocillopora_meandrina_HIv1___RNAseq.g30079.t1,0.02427754415562398,0.047659610649713836
genes,Ptuh,POC-259-TP2,Pocillopora_meandrina_HIv1___RNAseq.g30079.t1,0.014096195811136972,0.04226556526102004
genes,Ptuh,POC-259-TP3,Pocillopora_meandrina_HIv1___RNAseq.g30079.t1,0.028694626739214753,0.06397077272636684
genes,Ptuh,POC-259-TP4,Pocillopora_meandrina_HIv1___RNAseq.g30079.t1,0.019532590124576702,0.04631970708162678
genes,Ptuh,POC-40-TP1,Pocillopora_meandrina_HIv1___RNAseq.g30079.t1,0.018915159918295402,0.05827399646101706
genes,Ptuh,POC-40-TP2,Pocillopora_meandrina_HIv1___TS.g11788.t1,0.020252860558533866,0.06518338006343297
genes,Ptuh,POC-40-TP3,Pocillopora_meandrina_HIv1___RNAseq.g30079.t1,0.014286879467183615,0.04837848369476475
genes,Ptuh,POC-40-TP4,Pocillopora_meandrina_HIv1___RNAseq.g23895.t1,0.01770474145744659,0.05921622480344728
genes,Ptuh,POC-42-TP1,Pocillopora_meandrina_HIv1___RNAseq.g30079.t1,0.019810064467539225,0.06033315398970402
genes,Ptuh,POC-42-TP2,Pocillopora_meandrina_HIv1___TS.g11788.t1,0.02043432363142814,0.06606638877758148
genes,Ptuh,POC-42-TP3,Pocillopora_meandrina_HIv1___RNAseq.g30079.t1,0.019809620901998275,0.06133673224687918
genes,Ptuh,POC-42-TP4,Pocillopora_meandrina_HIv1___TS.g11788.t1,0.02856510083835872,0.09013458001796903
genes,Ptuh,POC-52-TP1,Pocillopora_meandrina_HIv1___RNAseq.g30079.t1,0.03851487025387553,0.08005311306447989
genes,Ptuh,POC-52-TP2,Pocillopora_meandrina_HIv1___TS.g11788.t1,0.026254537928691746,0.06575140208539096
genes,Ptuh,POC-52-TP3,Pocillopora_meandrina_HIv1___RNAseq.g30079.t1,0.01923546015566604,0.05373755968896074
genes,Ptuh,POC-52-TP4,Pocillopora_meandrina_HIv1___RNAseq.g30079.t1,0.012233777019408382,0.0402328339006721
genes,Ptuh,POC-53-TP1,Pocillopora_meandrina_HIv1___RNAseq.g30079.t1,0.016267186111683023,0.04679467929885908
genes,Ptuh,POC-53-TP2,Pocillopora_meandrina_HIv1___TS.g11788.t1,0.016493695510413357,0.0535632288267739
genes,Ptuh,POC-53-TP3,Pocillopora_meandrina_HIv1___RNAseq.g30079.t1,0.015169955584273717,0.04747715500954649
genes,Ptuh,POC-53-TP4,Pocillopora_meandrina_HIv1___RNAseq.g30079.t1,0.019847605893403484,0.06656063667123129
genes,Ptuh,POC-57-TP1,Pocillopora_meandrina_HIv1___RNAseq.g30079.t1,0.012798843564138082,0.04860760780421913
genes,Ptuh,POC-57-TP2,Pocillopora_meandrina_HIv1___RNAseq.g30079.t1,0.027085250369107746,0.061903838300378954
genes,Ptuh,POC-57-TP3,Pocillopora_meandrina_HIv1___RNAseq.g30079.t1,0.014443746863397923,0.04969302339293743
genes,Ptuh,POC-57-TP4,Pocillopora_meandrina_HIv1___RNAseq.g30079.t1,0.011105903429005852,0.045582487242107256
lncrna,Apul,ACR-139-TP1,lncRNA_26668,0.051684756351578626,0.11685333097795876
lncrna,Apul,ACR-139-TP2,lncRNA_26668,0.06097403503429416,0.1359633251821083
lncrna,Apul,ACR-139-TP3,lncRNA_26668,0.041162229620615026,0.10414801401136568
lncrna,Apul,ACR-139-TP4,lncRNA_19778,0.030100252663846725,0.06419597283338087
lncrna,Apul,ACR-145-TP1,lncRNA_26668,0.020584309522010447,0.07866460773491994
lncrna,Apul,ACR-145-TP2,lncRNA_26668,0.05220705383459339,0.16471117712034858
lncrna,Apul,ACR-145-TP3,lncRNA_26668,0.05594727286592228,0.13852803139658904
lncrna,Apul,ACR-145-TP4,lncRNA_19778,0.034771399291442226,0.07501927121765017
lncrna,Apul,ACR-150-TP1,lncRNA_46533,0.04635752702673878,0.09251337727609957
lncrna,Apul,ACR-150-TP2,lncRNA_26668,0.05125183636835234,0.14568140703486004
lncrna,Apul,ACR-150-TP3,lncRNA_19778,0.022164136794108294,0.058533768605860695
lncrna,Apul,ACR-150-TP4,lncRNA_26668,0.02518765572129775,0.06614481473986641
lncrna,Apul,ACR-173-TP1,lncRNA_13494,0.01458917402237309,0.04718496616835874
lncrna,Apul,ACR-173-TP2,lncRNA_26668,0.05033562734546195,0.09475821345512601
lncrna,Apul,ACR-173-TP3,lncRNA_26668,0.04334408720955391,0.10871242842521804
lncrna,Apul,ACR-173-TP4,lncRNA_26668,0.025621735554380784,0.0800150371188
lncrna,Apul,ACR-186-TP1,lncRNA_26668,0.028287179693585417,0.08680257149023106
lncrna,Apul,ACR-186-TP2,lncRNA_26668,0.043519322369974175,0.10385104172955918
lncrna,Apul,ACR-186-TP3,lncRNA_26668,0.036371611006223534,0.11334654031437183
lncrna,Apul,ACR-186-TP4,lncRNA_19778,0.01864024178968699,0.05150082926204342
lncrna,Apul,ACR-225-TP1,lncRNA_26668,0.038606603913766614,0.07475763914373156
lncrna,Apul,ACR-225-TP2,lncRNA_19778,0.09562299325973647,0.19877499792275768
lncrna,Apul,ACR-225-TP3,lncRNA_26668,0.047433850071957655,0.11119003566394274
lncrna,Apul,ACR-225-TP4,lncRNA_26668,0.03647361333700693,0.07648761240747175
lncrna,Apul,ACR-229-TP1,lncRNA_26668,0.046227572003244705,0.08214687942087164
lncrna,Apul,ACR-229-TP2,lncRNA_19778,0.04591213173740865,0.1253503045403062
lncrna,Apul,ACR-229-TP3,lncRNA_26668,0.028203424728933665,0.07377125182027251
lncrna,Apul,ACR-229-TP4,lncRNA_26668,0.021218346420953816,0.07996027914629872
lncrna,Apul,ACR-237-TP1,lncRNA_13494,0.015514356381541427,0.06180741526281956
lncrna,Apul,ACR-237-TP2,lncRNA_26668,0.06094835047148669,0.14303420660266306
lncrna,Apul,ACR-237-TP3,lncRNA_26668,0.03573494492122486,0.08947551211304891
lncrna,Apul,ACR-237-TP4,lncRNA_26668,0.0431977784363054,0.09429799970634839
lncrna,Apul,ACR-244-TP1,lncRNA_26668,0.03127581892286489,0.07295571257086647
lncrna,Apul,ACR-244-TP2,lncRNA_19778,0.09148170345787825,0.18412549242512746
lncrna,Apul,ACR-244-TP3,lncRNA_26668,0.04695379378815225,0.09585457139984085
lncrna,Apul,ACR-244-TP4,lncRNA_26668,0.03075522497240113,0.10536163191062332
lncrna,Apul,ACR-265-TP1,lncRNA_27049,0.012513595641045755,0.05028256576019402
lncrna,Apul,ACR-265-TP2,lncRNA_19778,0.06019706388781567,0.12878225431857857
lncrna,Apul,ACR-265-TP3,lncRNA_26668,0.05327582986850784,0.10598532242079182
lncrna,Apul,ACR-265-TP4,lncRNA_26668,0.02934598653394102,0.07611586498701013
lncrna,Peve,POR-216-TP1,lncRNA_4889,0.2163676904544241,0.7370017602976869
lncrna,Peve,POR-216-TP2,lncRNA_4889,0.24351769211562938,0.8501360579687351
lncrna,Peve,POR-216-TP3,lncRNA_4889,0.26423327480340997,0.9089010076624685
lncrna,Peve,POR-216-TP4,lncRNA_4889,0.2723000370858549,0.9450073880188208
lncrna,Peve,POR-236-TP1,lncRNA_4889,0.2603974960965123,0.8796786513972992
lncrna,Peve,POR-236-TP2,lncRNA_4889,0.2696185513130204,0.9458233375979841
lncrna,Peve,POR-245-TP1,lncRNA_4889,0.24955491365786486,0.8450539615069792
lncrna,Peve,POR-245-TP2,lncRNA_4889,0.2735002850310095,0.9522761519228017
lncrna,Peve,POR-245-TP3,lncRNA_4889,0.26620539503256696,0.9389677683318011
lncrna,Peve,POR-245-TP4,lncRNA_4889,0.21540983624750115,0.7408432475362247
lncrna,Peve,POR-260-TP1,lncRNA_4889,0.21469414410319324,0.7271886922526678
lncrna,Peve,POR-260-TP2,lncRNA_4889,0.267353885846034,0.9280275413653104
lncrna,Peve,POR-260-TP3,lncRNA_4889,0.2585853627934186,0.8859824213520597
lncrna,Peve,POR-260-TP4,lncRNA_4889,0.258525921054861,0.88604870177067
lncrna,Peve,POR-262-TP1,lncRNA_4889,0.24366829297063777,0.8351881068171871
lncrna,Peve,POR-262-TP2,lncRNA_4889,0.2468331246294908,0.8613365114182517
lncrna,Peve,POR-262-TP3,lncRNA_4889,0.26321029315536465,0.9040950314137072
lncrna,Peve,POR-262-TP4,lncRNA_4889,0.26791947277164896,0.9177268279102924
lncrna,Peve,POR-69-TP1,lncRNA_4889,0.26296885302317996,0.9001054384778204
lncrna,Peve,POR-69-TP2,lncRNA_4889,0.2668146352873226,0.9130624779306904
lncrna,Peve,POR-69-TP3,lncRNA_4889,0.2756556545775207,0.9492457306520521
lncrna,Peve,POR-69-TP4,lncRNA_4889,0.2769167271746441,0.9446020729377331
lncrna,Peve,POR-72-TP1,lncRNA_4889,0.19809902506814195,0.7109915820445402
lncrna,Peve,POR-72-TP2,lncRNA_4889,0.20935761978532422,0.7442923172639665
lncrna,Peve,POR-72-TP3,lncRNA_4889,0.24842076514794098,0.8576106957664673
lncrna,Peve,POR-72-TP4,lncRNA_4889,0.2512529272450798,0.8486915960288374
lncrna,Peve,POR-73-TP1,lncRNA_4889,0.26945562690250974,0.9268255113487937
lncrna,Peve,POR-73-TP2,lncRNA_4889,0.27434860506720987,0.9415570861133166
lncrna,Peve,POR-73-TP3,lncRNA_4889,0.2778684886662757,0.9701943247967101
lncrna,Peve,POR-73-TP4,lncRNA_4889,0.28270102753040055,0.9422357647937789
lncrna,Peve,POR-74-TP1,lncRNA_4889,0.23155477873709762,0.8101968015563817
lncrna,Peve,POR-74-TP2,lncRNA_4889,0.2746575855349916,0.9508907070469713
lncrna,Peve,POR-74-TP3,lncRNA_4889,0.26050813966233055,0.9090504927937774
lncrna,Peve,POR-74-TP4,lncRNA_4889,0.27920941305775154,0.9596953743753142
lncrna,Peve,POR-83-TP1,lncRNA_4889,0.26002452154370737,0.890750664606539
lncrna,Peve,POR-83-TP2,lncRNA_4889,0.2618424008879315,0.8947359274271661
lncrna,Peve,POR-83-TP3,lncRNA_4889,0.2775547668488692,0.954225456755949
lncrna,Peve,POR-83-TP4,lncRNA_4889,0.2729720229316552,0.9342925715864023
lncrna,Ptuh,POC-201-TP1,lncRNA_32098,0.06235648977189952,0.1469564682849891
lncrna,Ptuh,POC-201-TP2,lncRNA_32098,0.2151953436426123,0.28704327894020426
lncrna,Ptuh,POC-201-TP3,lncRNA_32098,0.13165585121712484,0.2163324236059792
lncrna,Ptuh,POC-219-TP1,lncRNA_32098,0.06242011556896459,0.13158903324200427
lncrna,Ptuh,POC-219-TP2,lncRNA_32098,0.08974023157675112,0.15530238804167773
lncrna,Ptuh,POC-219-TP3,lncRNA_32098,0.0882333312282351,0.21900833295214137
lncrna,Ptuh,POC-219-TP4,lncRNA_32098,0.0892663396752697,0.15545643502723927
lncrna,Ptuh,POC-222-TP1,lncRNA_32098,0.09738538720384099,0.1715744176771305
lncrna,Ptuh,POC-222-TP2,lncRNA_32098,0.10791413031215623,0.18364494756385571
lncrna,Ptuh,POC-222-TP3,lncRNA_32098,0.08826398360863599,0.16276464384499928
lncrna,Ptuh,POC-222-TP4,lncRNA_32098,0.05757053046729172,0.13286418569285122
lncrna,Ptuh,POC-255-TP1,lncRNA_32098,0.054957794008926523,0.15435249928541836
lncrna,Ptuh,POC-255-TP2,lncRNA_32098,0.09096256641736424,0.1633820543711482
lncrna,Ptuh,POC-255-TP3,lncRNA_32098,0.1684893338218719,0.23016225308533003
lncrna,Ptuh,POC-255-TP4,lncRNA_32098,0.07087354791241014,0.15005251268692094
lncrna,Ptuh,POC-259-TP1,lncRNA_32098,0.03720152866856328,0.10372952168152379
lncrna,Ptuh,POC-259-TP2,lncRNA_32098,0.07236389519164348,0.1791766119890731
lncrna,Ptuh,POC-259-TP3,lncRNA_32098,0.044095441814593905,0.14673506585875873
lncrna,Ptuh,POC-259-TP4,lncRNA_32098,0.05180761828773515,0.12939277608507607
lncrna,Ptuh,POC-40-TP1,lncRNA_10420,0.04320508896997295,0.13746506005333922
lncrna,Ptuh,POC-40-TP2,lncRNA_32098,0.08114709866179279,0.1858729939019914
lncrna,Ptuh,POC-40-TP3,lncRNA_32098,0.09537902326987402,0.15769087072977497
lncrna,Ptuh,POC-40-TP4,lncRNA_10420,0.04039060568278327,0.12335916244217819
lncrna,Ptuh,POC-42-TP1,lncRNA_32098,0.06172457552486682,0.14704545917012116
lncrna,Ptuh,POC-42-TP2,lncRNA_32098,0.05434662246574084,0.15098711468087825
lncrna,Ptuh,POC-42-TP3,lncRNA_32098,0.11215892026435993,0.19570607807266574
lncrna,Ptuh,POC-42-TP4,lncRNA_32098,0.0733896445088428,0.16810630065108523
lncrna,Ptuh,POC-52-TP1,lncRNA_32098,0.08157295781312861,0.18089047535968478
lncrna,Ptuh,POC-52-TP2,lncRNA_32098,0.11427745072693322,0.19133299867989656
lncrna,Ptuh,POC-52-TP3,lncRNA_32098,0.08992721179211287,0.16679482155637748
lncrna,Ptuh,POC-52-TP4,lncRNA_32098,0.07191704386135375,0.1356711542259985
lncrna,Ptuh,POC-53-TP1,lncRNA_32098,0.04012573858347983,0.10964266560019786
lncrna,Ptuh,POC-53-TP2,lncRNA_32098,0.06228781970969863,0.15598117634436395
lncrna,Ptuh,POC-53-TP3,lncRNA_32098,0.08221313910051341,0.13549842914600974
lncrna,Ptuh,POC-53-TP4,lncRNA_32098,0.07410339746212276,0.16609278623880042
lncrna,Ptuh,POC-57-TP1,lncRNA_32098,0.06708793044150987,0.1395407890604556
lncrna,Ptuh,POC-57-TP2,lncRNA_32098,0.08137361773979378,0.14128600608878236
lncrna,Ptuh,POC-57-TP3,lncRNA_32098,0.11493379190079343,0.1751188684581373
lncrna,Ptuh,POC-57-TP4,lncRNA_32098,0.0661589025810835,0.12940525650964207
