layer,species,colony,TP1,TP2,TP3,TP4,TP4_TP1_ratio,TP3_TP1_ratio
genes,Apul,ACR-139,11178579,12900492,11713631,12698040,1.135926131577189,1.0478640442582192
genes,Apul,ACR-145,12300902,8737803,9648149,8138763,0.6616395285483943,0.7843448391020431
genes,Apul,ACR-150,10593315,12904964,11875616,14000182,1.3216053709344053,1.1210481327138861
genes,Apul,ACR-173,8365456,10095804,11159480,9246507,1.1053201403485955,1.333995421170107
genes,Apul,ACR-186,8343496,11500575,7392543,13097991,1.5698444632801407,0.886024635236836
genes,Apul,ACR-225,9676647,9208860,12556203,8566981,0.8853253611504067,1.29757786968978
genes,Apul,ACR-229,15115258,11298652,11294893,11411242,0.7549485427241798,0.7472510889327857
genes,Apul,ACR-237,12454253,8323293,13075593,12687855,1.0187568054061533,1.0498897846382276
genes,Apul,ACR-244,7590155,11687442,13628569,9508676,1.2527644033619867,1.7955587204740877
genes,Apul,ACR-265,14695714,11487897,10074474,12813874,0.8719463375512071,0.6855382460491541
genes,Peve,POR-216,12102957,10699604,7164107,7722839,0.6380952192096526,0.591930302652484
genes,Peve,POR-236,11165119,7845330,NA,NA,NA,NA
genes,Peve,POR-245,10607492,6748506,7832801,9202331,0.867531269408452,0.7384215797664518
genes,Peve,POR-260,12277400,7466894,8054551,9165122,0.7465034942251617,0.6560469643409842
genes,Peve,POR-262,10253426,10820283,10510650,7590474,0.7402866124942044,1.025086639334014
genes,Peve,POR-69,10197389,9779483,8279109,7025734,0.6889738147676822,0.8118851796278439
genes,Peve,POR-72,7955405,8948904,10478551,12298279,1.54590231421279,1.317161225606993
genes,Peve,POR-73,8570594,8360422,6605537,7698388,0.8982327245929512,0.7707210258705522
genes,Peve,POR-74,9961105,6560607,9892264,7396936,0.7425818721918903,0.9930890197422876
genes,Peve,POR-83,8143181,8920401,7378234,8921056,1.0955247095698843,0.9060628764115645
genes,Ptuh,POC-201,14156049,12128968,5705767,NA,NA,0.40306211146909704
genes,Ptuh,POC-219,12372485,9323253,3561376,9248890,0.7475369741810154,0.2878464593006175
genes,Ptuh,POC-222,13491278,12054030,17472850,9679674,0.7174764318102407,1.29512192988685
genes,Ptuh,POC-255,12310637,11512727,8262035,13538800,1.0997643744998735,0.671129771757546
genes,Ptuh,POC-259,9644015,11771261,11741362,13195485,1.3682563745493967,1.2174765385578517
genes,Ptuh,POC-40,10669167,12624982,12456674,12136184,1.1375006127469933,1.167539508941982
genes,Ptuh,POC-42,9878615,13381358,11817894,6285257,0.6362488061332484,1.1963108188749132
genes,Ptuh,POC-52,2278912,11963608,11474693,13673782,6.000136029824758,5.035162832088295
genes,Ptuh,POC-53,11651923,11300439,13674661,10585055,0.9084384611879086,1.1735969247307934
genes,Ptuh,POC-57,11608080,7377927,14924590,15558212,1.3402915899959338,1.2857070247620623
mirna,Apul,ACR-139,173476,251737,8694,27094,0.15618298784846318,0.050116442620304825
mirna,Apul,ACR-145,139423,337602,52569,60192,0.4317221692260244,0.3770468287154917
mirna,Apul,ACR-150,111141,381309,231410,80541,0.7246740626771399,2.0821299070550023
mirna,Apul,ACR-173,199374,169746,96977,41950,0.21040857885180617,0.4864074553351992
mirna,Apul,ACR-186,37722,136691,59576,96568,2.5599915168866976,1.5793436191082126
mirna,Apul,ACR-225,121830,252567,78756,375150,3.0792908150701797,0.6464417631125339
mirna,Apul,ACR-229,493760,396374,134667,231766,0.4693899870382372,0.27273776733635774
mirna,Apul,ACR-237,131153,181699,174595,318975,2.4320831395393165,1.3312314624903738
mirna,Apul,ACR-244,128554,312896,252020,174703,1.3589853291223921,1.9604213015542107
mirna,Apul,ACR-265,40662,166050,42556,57718,1.4194579705867887,1.0465791156362205
mirna,Peve,POR-216,229255,82249,134985,351,0.0015310462149135241,0.5887984994874703
mirna,Peve,POR-236,199211,0,NA,NA,NA,NA
mirna,Peve,POR-245,984154,2404,19793,9102,0.009248552563928003,0.020111689837159632
mirna,Peve,POR-260,115583,3123,83604,13114,0.11345959180848394,0.7233243643096303
mirna,Peve,POR-262,829194,241,5,5,6.029951977462452e-6,6.029951977462452e-6
mirna,Peve,POR-69,252734,55,NA,1368,0.005412805558413193,NA
mirna,Peve,POR-72,64433,163983,20077,969024,15.039250073719987,0.3115949901448016
mirna,Peve,POR-73,164865,3672,1131439,8567,0.05196372789858369,6.862821096048282
mirna,Peve,POR-74,120476,194509,10570,3,2.4901225140276903e-5,0.08773531657757562
mirna,Peve,POR-83,8925,609996,69,27077,3.0338375350140057,0.00773109243697479
mirna,Ptuh,POC-201,64477,63161,7032,NA,NA,0.10906214619166525
mirna,Ptuh,POC-219,6883,19444,1505,2842,0.41290135115501964,0.21865465639982565
mirna,Ptuh,POC-222,158701,256028,96883,22434,0.1413601678628364,0.6104750442656316
mirna,Ptuh,POC-255,647864,185894,6971,47286,0.07298754059493968,0.0107599743155971
mirna,Ptuh,POC-259,225168,216202,8016,85038,0.3776646770411426,0.035600085269665314
mirna,Ptuh,POC-40,30981,308332,161927,342703,11.061715244827475,5.22665504664149
mirna,Ptuh,POC-42,49312,238389,74702,210842,4.275673264114212,1.514884815055159
mirna,Ptuh,POC-52,401,192570,71727,102328,255.18204488778053,178.87032418952617
mirna,Ptuh,POC-53,27789,176295,27278,6563,0.23617258627514484,0.981611428982691
mirna,Ptuh,POC-57,80976,21888,72359,37894,0.4679658170322071,0.8935857538035962
lncrna,Apul,ACR-139,4127638.690000016,4464977.590000028,4164096.5899999994,4356020.910000015,1.0553299930425835,1.0088326287105287
lncrna,Apul,ACR-145,4792388.100000022,4218237.84000002,5845465.440000027,4944264.640000033,1.0316912021378257,1.2197395782699654
lncrna,Apul,ACR-150,4536863.450000036,4493399.970000014,4185417.680000028,5522903.819999992,1.21733966227261,0.922535519555916
lncrna,Apul,ACR-173,3742124.1200000164,3548892.89000001,4975719.040000049,3563315.6000000117,0.9522173732708781,1.3296509897699564
lncrna,Apul,ACR-186,2332470.0700000087,4246938.140000034,4119831.2600000063,4035569.9700000063,1.7301700981740749,1.7662954448971733
lncrna,Apul,ACR-225,3853083.0200000084,5406691.240000039,4505906.640000032,3434428.0300000426,0.8913454530237542,1.169428900600232
lncrna,Apul,ACR-229,5147394.070000004,4881738.04000002,3978772.120000006,4615369.080000051,0.8966418768866569,0.7729682371103177
lncrna,Apul,ACR-237,5712805.470000047,4347433.490000024,4603118.890000009,6667296.5700000245,1.1670792231614302,0.8057545306194315
lncrna,Apul,ACR-244,2850707.130000004,5882957.790000057,5201209.110000024,6117082.550000027,2.1458123444620627,1.824532957196489
lncrna,Apul,ACR-265,6499426.890000034,5916517.800000023,5316266.320000033,5470114.2800000515,0.8416302502635002,0.8179592462497882
lncrna,Peve,POR-216,10152299.889999982,11690737.520000014,11485025.38999996,17388247.53999991,1.7127397465009222,1.1312732596987913
lncrna,Peve,POR-236,14543864.079999978,15327215.690000013,NA,NA,NA,NA
lncrna,Peve,POR-245,12442439.760000061,13713385.159999942,14001222.249999939,8506352.040000012,0.6836562767493737,1.1252794885944355
lncrna,Peve,POR-260,8402903.710000014,13258265.009999976,11971163.009999987,13886659.780000025,1.652602512090431,1.4246459822874689
lncrna,Peve,POR-262,12474560.120000023,13978707.660000008,15144440.599999975,13467724.920000006,1.079615216123547,1.2140260221055352
lncrna,Peve,POR-69,15931290.309999997,14991633.520000001,17058332.059999973,14191282.99000001,0.8907805151910518,1.0707439088780233
lncrna,Peve,POR-72,7860289.870000039,7324603.860000009,13008044.670000019,14977956.680000013,1.9055221789167858,1.6549064837477747
lncrna,Peve,POR-73,15293956.550000018,16933671.410000026,15945329.430000043,15876082.090000037,1.0380624554605538,1.0425902138449599
lncrna,Peve,POR-74,10635277.680000031,16433922.410000036,15917273.92999995,16728194.829999952,1.5728968564175658,1.4966486450967684
lncrna,Peve,POR-83,13456567.16999996,13880638.22999997,15458285.760000018,18848995.31000007,1.4007283634731134,1.1487540295167318
lncrna,Ptuh,POC-201,2501616.120000017,3283483.360000003,1392494.1300000024,NA,NA,0.556637814598026
lncrna,Ptuh,POC-219,2658277.680000015,2410045.0399999954,658243.3100000019,2032345.0100000068,0.7645345049129688,0.2476202222786591
lncrna,Ptuh,POC-222,2587770.170000006,2828582.310000001,2962408.7800000072,2101266.029999998,0.8119987062065844,1.1447727523654083
lncrna,Ptuh,POC-255,2241137.9900000067,2557755.449999996,2696508.9699999886,2738243.050000013,1.221809215772566,1.203187390527426
lncrna,Ptuh,POC-259,2096956.8400000038,2780322.970000015,2726767.1000000234,2525072.6500000027,1.2041605253067575,1.3003448845423153
lncrna,Ptuh,POC-40,2433976.2399999946,2813951.5000000023,2929228.9900000044,2465659.9800000177,1.0130172757972458,1.2034747676912454
lncrna,Ptuh,POC-42,2455213.320000016,2763851.6100000003,2694480.290000005,1888686.0800000022,0.7692553899960064,1.0974526197177796
lncrna,Ptuh,POC-52,501759.4200000015,2678472.4200000037,2127620.7300000023,2286412.1099999947,4.556789606461176,4.240320450784952
lncrna,Ptuh,POC-53,2457956.750000008,2315203.8499999978,2718884.140000003,2008382.9499999916,0.8170945033918864,1.106156216947265
lncrna,Ptuh,POC-57,2350139.570000001,2232209.959999996,2953935.429999993,2544736.890000009,1.0828024524517954,1.2569191496996885
