species,colony,trait,TP1,TP2,TP3,TP4,ratio_TP2_TP1,ratio_TP3_TP1,ratio_TP4_TP1
Apul,ACR-139,calc.umol.cm2.hr,0.00696293968408514,0,0.2980466257197296,0,0,42.804711693964634,0
Apul,ACR-139,Host_AFDW.mg.cm2,1.7591017738702,1.211578181202209,0.6641778277075385,1.1328360830594757,0.6887482004731402,0.3775664589583585,0.6439855270949576
Apul,ACR-139,chla.ug.cm2,2.7886989432707447,1.3552006780988872,0.8634153622620551,0.6462298836940513,0.4859616278655848,0.30961225281972976,0.23173167733054617
Apul,ACR-139,cells.cm2,628007.8313478722,524512.3876121226,264485.0992478409,215946.87833321717,0.8352003931007982,0.4211493647781197,0.34386016790545054
Apul,ACR-145,calc.umol.cm2.hr,0,0,0.6019141051201962,0.00783187451393402,NA,Inf,Inf
Apul,ACR-145,Host_AFDW.mg.cm2,1.1008130773277551,1.1518671498015645,1.6196291734632895,2.5866328512104606,1.0463785119611262,1.471302627867549,2.349747567942744
Apul,ACR-145,chla.ug.cm2,1.7908038978667795,2.7828644938337628,3.327638566142234,1.5588164339188506,1.5539750037113131,1.8581814402493453,0.8704562435762652
Apul,ACR-145,cells.cm2,684950.3592261632,948254.2697861516,570142.1888403734,395978.36240752233,1.3844131286498795,0.832384684759496,0.578112496874791
Apul,ACR-150,calc.umol.cm2.hr,0.00218548808351292,0.4470249124246424,0.11592861235351104,0,204.54237009890323,53.04472407242284,0
Apul,ACR-150,Host_AFDW.mg.cm2,1.3449400475465447,2.090794723652589,1.2808344192884495,3.396840090414332,1.5545635119324768,0.9523356982528423,2.525644244597287
Apul,ACR-150,chla.ug.cm2,2.8011270664942662,3.987034432971917,2.5811179053670426,1.374808530619521,1.4233679295248345,0.9214569150543481,0.4908054857861748
Apul,ACR-150,cells.cm2,909111.373911209,1825657.71159522,385981.18310989125,445559.54432707775,2.0081782760464373,0.4245697438030175,0.4901044658699811
Apul,ACR-173,calc.umol.cm2.hr,0,0.3980311844762613,0.32558505379449665,0,Inf,Inf,NA
Apul,ACR-173,Host_AFDW.mg.cm2,1.6029094963389086,2.0621379829765623,0.2940515271791204,1.2749253881550244,1.2864968282280096,0.18344861506575547,0.7953820169304572
Apul,ACR-173,chla.ug.cm2,2.9911381616307704,2.384550132163368,2.0409513318883605,1.35285416090024,0.7972049445095876,0.6823326846178287,0.4522874196364982
Apul,ACR-173,cells.cm2,800364.3335461027,959206.6072330008,179145.2380968242,279983.6146536418,1.1984624589443282,0.22382961182578115,0.349820204272651
Apul,ACR-186,calc.umol.cm2.hr,0.0058880186021436,0.2800385785246229,0.20794443380205355,0.0032224158914026,47.56074962512375,35.3165381859271,0.5472835785928806
Apul,ACR-186,Host_AFDW.mg.cm2,1.0093344521081808,1.205565886486482,1.1161658595036907,2.333456819190185,1.1944166613637686,1.1058434170877383,2.3118767166981478
Apul,ACR-186,chla.ug.cm2,1.44074219805229,2.226532140389642,1.6730334086529612,1.279223055011118,1.5454063491717291,1.1612302401600376,0.8878917107727348
Apul,ACR-186,cells.cm2,367883.10358259967,626048.2498245822,255477.9633975107,308833.12474238384,1.7017586394369906,0.694454191860293,0.8394871135282854
Apul,ACR-225,calc.umol.cm2.hr,0.0043817960581749,0,0.3177199522151678,0.00448907394184677,0,72.50906888338936,1.0244826281843327
Apul,ACR-225,Host_AFDW.mg.cm2,2.523574849655888,1.2405679876621118,1.1037552686552203,1.3933938258841252,0.4915915166262156,0.43737766240843906,0.5521507816873856
Apul,ACR-225,chla.ug.cm2,1.807487751157464,1.5838086760580024,1.274934155934412,1.8529878326703508,0.8762486357341985,0.7053625426329889,1.0251731064200849
Apul,ACR-225,cells.cm2,1000335.9764401657,351072.30127037,274970.6107877984,248237.50366539432,0.35095438886413893,0.2748782581691398,0.24815412972427717
Apul,ACR-229,calc.umol.cm2.hr,0.02738281914541157,0.5100733032358052,NA,0.00410501788099746,18.627494142482263,NA,0.14991217154079334
Apul,ACR-229,Host_AFDW.mg.cm2,1.9613519869048783,0.8745876449004224,0.9063450924095308,1.053486927145767,0.4459106018397901,0.4621022123824869,0.5371228286301775
Apul,ACR-229,chla.ug.cm2,4.993892729324403,1.60330523558002,1.0825052104451658,1.460090216444414,0.32105319887336115,0.21676581158594732,0.2923751661445763
Apul,ACR-229,cells.cm2,686473.1954166878,491257.7409653152,184575.7501623385,157530.75546104767,0.7156255251410404,0.2688753929427665,0.22947837805295054
Apul,ACR-237,calc.umol.cm2.hr,0.00328625938467333,0,0.6109215480545741,0.01367748125122289,0,185.90180400969862,4.162021207155107
Apul,ACR-237,Host_AFDW.mg.cm2,1.225908451001079,1.294882704429518,1.2187150599029013,1.9876105208996533,1.0562637881908021,0.9941321955221831,1.6213368292522718
Apul,ACR-237,chla.ug.cm2,2.0995407576028144,3.062200824584548,1.562990779926709,1.963456984862061,1.4585098257777414,0.7444441239194041,0.9351840290558926
Apul,ACR-237,cells.cm2,1024920.003725837,966718.8033559896,200862.29690991505,226947.9264360577,0.9432139092238695,0.19597851166894106,0.22142989268532765
Apul,ACR-244,calc.umol.cm2.hr,0.01419479187774905,0.27972303820232725,0.5817262861582619,0.00668111113189005,19.70603307265147,40.98167068374867,0.4706734124339632
Apul,ACR-244,Host_AFDW.mg.cm2,1.7410199239654534,0.8538802260022792,0.8646066781552855,1.5333688998310602,0.4904482793381419,0.49660929565125506,0.8807302424997903
Apul,ACR-244,chla.ug.cm2,4.660096643608557,2.479346277019082,1.6446990405147814,1.4572799674988175,0.5320375233890416,0.35293238881011807,0.3127145376904392
Apul,ACR-244,cells.cm2,906245.1820969214,682087.6567232524,168710.16155175827,161495.66034214283,0.7526524501294444,0.18616392658925607,0.1782030553458668
Apul,ACR-265,calc.umol.cm2.hr,0.02574589858356706,0.17918471357174354,0.7052589488147506,NA,6.959738188594921,27.393060161625087,NA
Apul,ACR-265,Host_AFDW.mg.cm2,1.1400483392152017,1.1452721868083644,0.7661554301573228,NA,1.0045821281549858,0.6720376705120564,NA
Apul,ACR-265,chla.ug.cm2,2.436292801305678,2.645855980112293,1.566560845655323,NA,1.0860172384428932,0.6430100868072011,NA
Apul,ACR-265,cells.cm2,643177.2713739005,971663.466427122,246162.90209683424,NA,1.510724196381407,0.38272947918542277,NA
Ptuh,POC-201,calc.umol.cm2.hr,0,0.10108354420182653,0.24018772211703024,NA,Inf,Inf,NA
Ptuh,POC-201,Host_AFDW.mg.cm2,1.9819985879280688,2.7877172075130225,1.985854050226568,NA,1.4065182611594247,1.0019452396797768,NA
Ptuh,POC-201,chla.ug.cm2,2.486959062053163,2.4548123682215035,2.042552425028445,NA,0.9870738950543398,0.8213052061026576,NA
Ptuh,POC-201,cells.cm2,370152.9541068695,284703.03395877674,161136.36450045515,NA,0.769149700954644,0.43532372958972065,NA
Ptuh,POC-222,calc.umol.cm2.hr,0,0.2734772105528089,0.26583137183111905,0,Inf,Inf,NA
Ptuh,POC-222,Host_AFDW.mg.cm2,1.818416337322725,1.690264954450001,1.6935245308367253,1.933568611866928,0.9295258295680501,0.9313183653695725,1.0633255829155952
Ptuh,POC-222,chla.ug.cm2,1.295954174811562,1.1387801087397436,1.6267579982420142,1.7652240633653018,0.878719426098016,1.2552588894422543,1.3621037669962166
Ptuh,POC-222,cells.cm2,322011.2264009058,251882.6206631337,150311.50267082418,91818.65921592724,0.782216891871771,0.46678963448213917,0.2851411742446907
Ptuh,POC-255,calc.umol.cm2.hr,9.282359302760764e-4,0,NA,0.00403940991813563,0,NA,4.351706054875755
Ptuh,POC-255,Host_AFDW.mg.cm2,1.5327896869232955,1.8551400643000864,2.259790260425773,2.0997583536693987,1.2103030703604427,1.4742989724583517,1.3698933203838
Ptuh,POC-255,chla.ug.cm2,2.209818587099708,1.1446511494818683,1.90237256190246,1.9602640443880623,0.5179842165162407,0.8608727309146416,0.8870701223310936
Ptuh,POC-255,cells.cm2,232894.19858453315,133387.74180277245,244134.6059126684,77607.64899572563,0.5727396500791623,1.048264007418181,0.33323135341027627
Ptuh,POC-259,calc.umol.cm2.hr,0.01122168958912134,0.06633596693711094,0.01876572117950162,0.00863157710388722,5.9114063359424165,1.6722723463758704,0.7691869424239771
Ptuh,POC-259,Host_AFDW.mg.cm2,1.2384455256935207,1.3801704864399338,0.8884885000964906,0.734130756525919,1.1144377833389547,0.7174223505704406,0.5927840516964288
Ptuh,POC-259,chla.ug.cm2,2.7660926112338355,1.322012418073698,0.718050586454044,0.5539611181030691,0.4779349804502767,0.2595902189022342,0.20026846384437244
Ptuh,POC-259,cells.cm2,236704.63178037803,44649.50628845768,47537.931714564016,41051.86006118429,0.18862962652072177,0.2008322834961303,0.17343074257741392
Ptuh,POC-40,calc.umol.cm2.hr,0,0.1558214633676366,0.10460007783487442,0.0039582469685148,Inf,Inf,Inf
Ptuh,POC-40,Host_AFDW.mg.cm2,2.3458031985552283,2.2946351203271864,1.6130283885865857,2.8858981102703023,0.9781873951491088,0.6876230664107049,1.23023879925124
Ptuh,POC-40,chla.ug.cm2,4.250616191909678,2.3389847250849685,3.293782884155408,1.549681233649567,0.5502695655130723,0.7748953882085522,0.36457801967609316
Ptuh,POC-40,cells.cm2,343829.31042653124,144748.78520668496,142747.74105531015,169623.2665876964,0.4209902437553083,0.41517036717500033,0.4933356797803925
Ptuh,POC-42,calc.umol.cm2.hr,2.953471801850699e-4,0.199053157306921,0.01621178631477101,6.515715196441808e-4,673.9632901935637,54.89060807898153,2.2061206720710667
Ptuh,POC-42,Host_AFDW.mg.cm2,2.391567480913751,1.7690303794526132,1.2016650116390584,3.579040905696332,0.7396949463356628,0.5024591700753248,1.4965251594443327
Ptuh,POC-42,chla.ug.cm2,4.151833883103513,1.8350943746962376,1.4053140916691365,2.453349692685733,0.44199609771585974,0.3384803273050651,0.5909074789022735
Ptuh,POC-42,cells.cm2,423033.9558696572,180336.08776840023,208634.40489848767,190826.9495243963,0.4262922284753055,0.4931859535237188,0.4510913293759161
Ptuh,POC-52,calc.umol.cm2.hr,0.00243502409263656,2.037083508584572,0.16750929959303548,0.00313901869268255,836.5763257721563,68.7916395158383,1.2891119649184781
Ptuh,POC-52,Host_AFDW.mg.cm2,2.211175447911172,2.331463648984168,1.3110417858795422,2.0793227310384066,1.054400116095097,0.5929162188907453,0.9403698530583258
Ptuh,POC-52,chla.ug.cm2,4.884104128430694,2.7065509127513314,3.341241203883772,1.760157193453971,0.5541550387913147,0.6841052352742001,0.36038486223255956
Ptuh,POC-52,cells.cm2,416507.576509059,307614.00980626856,227383.80973848293,99695.47370365994,0.7385556161655513,0.5459295882305213,0.23936052865893442
Ptuh,POC-53,calc.umol.cm2.hr,0,0.19338618081177472,0.0982597761307179,0.0074218423310496,Inf,Inf,Inf
Ptuh,POC-53,Host_AFDW.mg.cm2,2.2341659633240107,1.895208321094615,2.120094676961522,2.3432515227642496,0.8482844838773339,0.9489423398999541,1.048826077037688
Ptuh,POC-53,chla.ug.cm2,3.3868382107007906,1.3338705886084996,1.8076993462219488,2.1209219247478024,0.39383947671137814,0.5337424564629283,0.6262247538269476
Ptuh,POC-53,cells.cm2,364427.52941276366,112276.73538606278,208290.00335060369,113612.1950431156,0.3080907075461199,0.5715539758652178,0.31175524863939236
Ptuh,POC-57,calc.umol.cm2.hr,0,0.12604503171665443,0,0,Inf,NA,NA
Ptuh,POC-57,Host_AFDW.mg.cm2,2.1900054150255066,2.340425204583954,0.7806791795951193,2.3257086405836738,1.0686846655841238,0.3564736298088226,1.0619647899622142
Ptuh,POC-57,chla.ug.cm2,4.615679746101262,1.832167453390854,1.2748462406481371,2.131433681694063,0.39694423230693937,0.27619902393032464,0.4617811024463789
Ptuh,POC-57,cells.cm2,351350.4622479947,188840.1905267269,103947.57574462504,81342.51895637477,0.5374695946562815,0.29585154116363566,0.23151390903524852
Peve,POR-216,calc.umol.cm2.hr,0.00283363066438218,1.0679682982853869,1.0201210796400886,0.00845009167259126,376.8904366082011,360.0049549373813,2.982072356431689
Peve,POR-216,Host_AFDW.mg.cm2,4.438584496959635,8.909985090083715,8.56355212207708,3.085705332842309,2.0073933697076005,1.9293430434732037,0.6952003132881602
Peve,POR-216,chla.ug.cm2,3.9173780219111354,7.792166191404501,5.468636236672557,2.3547881988684387,1.989127969733952,1.3959940057060471,0.6011133430823788
Peve,POR-216,cells.cm2,1425468.4826773957,2027073.5309840883,758911.8480341347,290682.3864271737,1.4220402314169192,0.532394687961605,0.2039205987081507
Peve,POR-236,calc.umol.cm2.hr,0.03840828467081087,1.278575133047927,NA,NA,33.2890454235673,NA,NA
Peve,POR-236,Host_AFDW.mg.cm2,3.710083631503831,7.197872944280912,NA,NA,1.9400837445174663,NA,NA
Peve,POR-236,chla.ug.cm2,5.755718954352488,6.9810396297594295,NA,NA,1.212887509818448,NA,NA
Peve,POR-236,cells.cm2,1110328.2477667818,1777561.6662398078,NA,NA,1.6009334805405893,NA,NA
Peve,POR-260,calc.umol.cm2.hr,0,0.717700507940793,0.798638348056067,0.00220232352131351,Inf,Inf,Inf
Peve,POR-260,Host_AFDW.mg.cm2,5.13703163812442,7.032174714647527,4.642443678530615,6.580510407457272,1.3689179296577278,0.9037210602474731,1.2809947204957997
Peve,POR-260,chla.ug.cm2,4.592028298921815,6.236461461250577,3.7550556548882903,5.675425493254602,1.3581060601727706,0.8177335613915877,1.235929990803228
Peve,POR-260,cells.cm2,1281106.356378883,2277895.3040726464,485331.638230733,678725.4412595796,1.7780688486405156,0.3788378972707226,0.5297963263393948
Peve,POR-262,calc.umol.cm2.hr,0,1.100056310505234,0.955095313085949,0.01926470231934622,Inf,Inf,Inf
Peve,POR-262,Host_AFDW.mg.cm2,5.23342513168982,9.300079167585896,6.432758839176487,4.850156145257984,1.7770540197988833,1.229168026160224,0.9267651725614574
Peve,POR-262,chla.ug.cm2,9.221357946003089,9.114749617926895,5.288387535940499,4.412438403798388,0.9884389773501416,0.5734933582350202,0.4785020199450037
Peve,POR-262,cells.cm2,1563741.142952378,2096311.551294992,1213243.9747962663,564081.4203000816,1.3405745322637668,0.7758598539561572,0.3607255733100962
Peve,POR-69,calc.umol.cm2.hr,0.02559225300943119,0,1.3648230252992846,0.01351742708690955,0,53.329537840858464,0.5281843330451658
Peve,POR-69,Host_AFDW.mg.cm2,6.590963871725538,4.912269940325875,5.975802569926352,5.156320779428034,0.7453037273347737,0.9066659575486135,0.7823318227472078
Peve,POR-69,chla.ug.cm2,11.34279115181258,6.5723902105877885,8.27458029974664,4.088578574274381,0.5794332384879994,0.7295012478850376,0.36045612755737155
Peve,POR-69,cells.cm2,2340741.4902465623,1321287.129163554,2101169.2907159897,639116.7826928615,0.5644737510182621,0.8976511500612837,0.2730403102418371
Peve,POR-72,calc.umol.cm2.hr,0.01133507925700544,0.5845192624815598,0.6709780049233275,6.384121760414201e-4,51.567284994527796,59.19482252483076,0.05632180962888823
Peve,POR-72,Host_AFDW.mg.cm2,5.273255896464456,6.095961613570845,5.304880027089366,7.666780333214607,1.1560147531732692,1.005997078701626,1.4538987835494444
Peve,POR-72,chla.ug.cm2,7.993611429986124,5.407140782554327,5.942239258677438,5.4416000215928175,0.6764327775892046,0.7433735440762791,0.680743624987819
Peve,POR-72,cells.cm2,1684093.787886748,1764860.7967379536,1385899.9070771118,967474.6610961292,1.0479587356904596,0.8229351102922724,0.5744778990665037
Peve,POR-73,calc.umol.cm2.hr,0,0.7381755766898508,0.8364967212250204,0.00794026310143358,Inf,Inf,Inf
Peve,POR-73,Host_AFDW.mg.cm2,5.399766847197824,6.265474668882063,8.464528267393915,6.364557589802334,1.1603231854600338,1.5675729169281687,1.1786726667847116
Peve,POR-73,chla.ug.cm2,7.326356993626105,8.758414598200623,9.814803601082088,7.7680715496563,1.1954665334791086,1.339656750226739,1.060291159223402
Peve,POR-73,cells.cm2,1810588.488517163,1711878.324831151,1727366.8372646072,1105196.8247156832,0.945481723587642,0.954036131467558,0.6104075176247354
Peve,POR-74,calc.umol.cm2.hr,0.01010610942780229,0,1.2059909697873774,0.0232868201783802,0,119.33286279976848,2.304231944522318
Peve,POR-74,Host_AFDW.mg.cm2,6.759231566229904,5.926043491782333,9.229910383395158,12.660967199910502,0.8767333140929364,1.365526582860265,1.8731370682973079
Peve,POR-74,chla.ug.cm2,8.317786982604034,7.690299415258524,10.60585072758656,16.24548396258384,0.92456075532376,1.275080829764915,1.9531017080095863
Peve,POR-74,cells.cm2,1941937.957916833,1802764.8096053351,1847813.4081043235,2577210.21224845,0.9283328554632134,0.9515306091892455,1.3271331361240244
Peve,POR-83,calc.umol.cm2.hr,0.02789496974322098,0.8047468117541491,0.7090480355365804,0.01248544074884118,28.8491731363042,25.418490934513123,0.4475875350922503
Peve,POR-83,Host_AFDW.mg.cm2,10.40652897777559,9.182368688957396,7.035502677696527,8.965806786993397,0.8823661288569381,0.6760662169606888,0.8615559334088215
Peve,POR-83,chla.ug.cm2,9.941490029700462,12.826428566694032,10.72016009070719,7.521226290901529,1.2901917648536325,1.0783252871229996,0.7565491961900749
Peve,POR-83,cells.cm2,3930604.559787496,2479909.791908194,1866154.61096348,1145630.8672269278,0.6309232470951663,0.47477546585463987,0.2914642899841507
Ptuh,POC-219,calc.umol.cm2.hr,0,0.08947531418320112,NA,7.679795921705189e-4,Inf,NA,Inf
Ptuh,POC-219,Host_AFDW.mg.cm2,1.2423117803654204,2.152438898388213,1.372397262788889,1.8883482029971064,1.732607653253584,1.1047124276525853,1.5200276072739625
Ptuh,POC-219,chla.ug.cm2,2.429979735774241,1.8917237724665723,1.204685742618546,1.6446312502735323,0.7784936411676827,0.4957595838694139,0.6768086276857446
Ptuh,POC-219,cells.cm2,400811.7019779672,360282.7833502806,116928.24678961352,110470.80960169034,0.8988828958144677,0.29172862521873455,0.27561772537210744
Peve,POR-245,calc.umol.cm2.hr,0.06726218472604494,0.3686068864825056,1.0333619648382255,0.00448109151745218,5.48015036954004,15.363193584137212,0.0666212603070122
Peve,POR-245,Host_AFDW.mg.cm2,3.894178491265601,7.833242625542355,NA,6.977520428207152,2.011526344545282,NA,1.791782385901749
Peve,POR-245,chla.ug.cm2,6.6594064537469215,6.631407508798765,6.707100067439998,5.474260168752765,0.9957955795095819,1.0071618415281203,0.8220342468618456
Peve,POR-245,cells.cm2,1075761.8462109976,1873166.714803592,879317.8998900001,1072212.3058011634,1.7412466536168576,0.817390859312492,0.9967004403229802
