species,colony,median_abs_logCPM_change,gene_profile_cor
Apul,ACR-139,0.5699338442185633,0.8803558244563382
Apul,ACR-145,0.6122392907940601,0.8785719549332919
Apul,ACR-150,1.1252469461268522,0.7584299384336893
Apul,ACR-173,0.5714539041964255,0.8829518077992021
Apul,ACR-186,0.9702536094554746,0.7721332440054817
Apul,ACR-225,0.791267596522224,0.8187230576164352
Apul,ACR-229,0.4946325075178519,0.8993858006309604
Apul,ACR-237,0.9538180584046785,0.7627957957557356
Apul,ACR-244,0.8860544057459618,0.810563558663298
Apul,ACR-265,1.0716381618729667,0.8022520243630545
Peve,POR-216,0.7692046256419971,0.816992519844381
Peve,POR-245,0.9655831320698745,0.9032050759084623
Peve,POR-260,0.7232489366076882,0.9496286297469867
Peve,POR-262,0.5531032468477444,0.8914154763523799
Peve,POR-69,0.6377511663451995,0.8728616447278099
Peve,POR-72,0.7364297287881287,0.8705487757405566
Peve,POR-73,0.7603639025268478,0.850930540079613
Peve,POR-74,0.5176283135781885,0.9286445028798828
Peve,POR-83,0.8183164700927212,0.8846404699940107
Ptuh,POC-201,0.7609043551841639,0.8315566861707996
Ptuh,POC-219,0.8545902179867761,0.8735308297221719
Ptuh,POC-222,0.5919431700243125,0.8621812870790124
Ptuh,POC-255,1.0104798554377876,0.7477059794359806
Ptuh,POC-259,0.8126025290067389,0.8789579116420703
Ptuh,POC-40,0.5962324571034445,0.8960096584211705
Ptuh,POC-42,0.4324888475988944,0.955537790448454
Ptuh,POC-52,1.3054011852665184,0.7584937468489288
Ptuh,POC-53,0.34958411856525373,0.9557903882776243
Ptuh,POC-57,0.4167577664357376,0.9350741325605522
