species,timepoint,trait,samples,observed,negative,median
Apul,TP1,Host_AFDW.mg.cm2,10,10,0,1.4739247719427266
Apul,TP1,Sym_AFDW.mg.cm2,10,10,0,0.7771742551954871
Apul,TP1,calc.umol.cm2.hr,10,10,0,0.00513490733015925
Apul,TP1,cells.cm2,10,10,0,743418.7644813953
Apul,TP1,chla.ug.cm2,10,10,0,2.6124958722882115
Apul,TP1,prot_ug.cm2,10,10,0,528.9368419262213
Apul,TP1,surface.area.cm2,10,10,0,21.549703667663998
Apul,TP2,Host_AFDW.mg.cm2,10,10,0,1.2085720338443455
Apul,TP2,Sym_AFDW.mg.cm2,10,10,0,0.5979341979562858
Apul,TP2,calc.umol.cm2.hr,10,10,0,0.2294538758870354
Apul,TP2,cells.cm2,10,10,0,815170.963254702
Apul,TP2,chla.ug.cm2,10,10,0,2.431948204591225
Apul,TP2,prot_ug.cm2,10,10,0,373.77509672114263
Apul,TP2,surface.area.cm2,10,10,0,20.63002385442286
Apul,TP3,Host_AFDW.mg.cm2,10,10,0,1.0050501805323755
Apul,TP3,Sym_AFDW.mg.cm2,10,10,0,0.8252644211517555
Apul,TP3,calc.umol.cm2.hr,10,9,0,0.32558505379449665
Apul,TP3,cells.cm2,10,10,0,250820.43274717248
Apul,TP3,chla.ug.cm2,10,10,0,1.6056299430850522
Apul,TP3,prot_ug.cm2,10,10,0,429.0076799763667
Apul,TP3,surface.area.cm2,10,10,0,20.57577935649504
Apul,TP4,Host_AFDW.mg.cm2,9,9,0,1.5333688998310602
Apul,TP4,Sym_AFDW.mg.cm2,9,9,0,0.639962547779733
Apul,TP4,calc.umol.cm2.hr,9,9,0,0.00410501788099746
Apul,TP4,cells.cm2,9,9,0,248237.50366539432
Apul,TP4,chla.ug.cm2,9,9,0,1.4572799674988175
Apul,TP4,prot_ug.cm2,9,9,0,306.5033841225997
Apul,TP4,surface.area.cm2,9,9,0,33.19233883547137
Peve,TP1,Host_AFDW.mg.cm2,10,10,0,5.253340514077138
Peve,TP1,Sym_AFDW.mg.cm2,10,10,0,2.898116872953422
Peve,TP1,calc.umol.cm2.hr,10,10,0,0.010720594342403866
Peve,TP1,cells.cm2,10,10,0,1623917.465419563
Peve,TP1,chla.ug.cm2,10,10,0,7.659984211806114
Peve,TP1,prot_ug.cm2,10,10,0,2243.19242770365
Peve,TP1,surface.area.cm2,10,10,0,17.184895321443
Peve,TP2,Host_AFDW.mg.cm2,10,10,0,7.11502382946422
Peve,TP2,Sym_AFDW.mg.cm2,10,10,0,3.4984834915326335
Peve,TP2,calc.umol.cm2.hr,10,10,0,0.7279380423153219
Peve,TP2,cells.cm2,10,10,0,1837965.7622044636
Peve,TP2,chla.ug.cm2,10,10,0,7.335669522508977
Peve,TP2,prot_ug.cm2,10,10,0,3067.3354498122753
Peve,TP2,surface.area.cm2,10,10,0,23.658363238738332
Peve,TP3,Host_AFDW.mg.cm2,9,8,0,6.734130758436507
Peve,TP3,Sym_AFDW.mg.cm2,9,9,0,4.1607849982288245
Peve,TP3,calc.umol.cm2.hr,9,9,0,0.955095313085949
Peve,TP3,cells.cm2,9,9,0,1385899.9070771118
Peve,TP3,chla.ug.cm2,9,9,0,6.707100067439998
Peve,TP3,prot_ug.cm2,9,9,0,2457.8561974123804
Peve,TP3,surface.area.cm2,9,9,0,17.410893477395703
Peve,TP4,Host_AFDW.mg.cm2,9,9,0,6.580510407457272
Peve,TP4,Sym_AFDW.mg.cm2,9,9,0,3.034580758674642
Peve,TP4,calc.umol.cm2.hr,9,9,0,0.00845009167259126
Peve,TP4,cells.cm2,9,9,0,967474.6610961292
Peve,TP4,chla.ug.cm2,9,9,0,5.474260168752765
Peve,TP4,prot_ug.cm2,9,9,0,1990.3305852314395
Peve,TP4,surface.area.cm2,9,9,0,18.215433020127413
Ptuh,TP1,Host_AFDW.mg.cm2,10,10,0,2.0860020014767877
Ptuh,TP1,Sym_AFDW.mg.cm2,10,10,0,0.6415905404754199
Ptuh,TP1,calc.umol.cm2.hr,10,10,0,0
Ptuh,TP1,cells.cm2,10,10,0,357888.9958303792
Ptuh,TP1,chla.ug.cm2,10,10,0,3.0764654109673133
Ptuh,TP1,prot_ug.cm2,10,9,0,487.93630505594297
Ptuh,TP1,surface.area.cm2,10,10,0,43.948656486154206
Ptuh,TP2,Host_AFDW.mg.cm2,10,10,0,2.023823609741414
Ptuh,TP2,Sym_AFDW.mg.cm2,10,10,0,0.5038619577320292
Ptuh,TP2,calc.umol.cm2.hr,10,10,0,0.14093324754214553
Ptuh,TP2,cells.cm2,10,10,0,184588.13914756355
Ptuh,TP2,chla.ug.cm2,10,10,0,1.8336309140435458
Ptuh,TP2,prot_ug.cm2,10,10,0,439.8972721708694
Ptuh,TP2,surface.area.cm2,10,10,0,21.714913812979365
Ptuh,TP3,Host_AFDW.mg.cm2,10,10,0,1.4927128256877373
Ptuh,TP3,Sym_AFDW.mg.cm2,10,9,0,0.569304137148208
Ptuh,TP3,calc.umol.cm2.hr,10,8,0,0.10142992698279615
Ptuh,TP3,cells.cm2,10,10,0,155723.93358563966
Ptuh,TP3,chla.ug.cm2,10,10,0,1.7172286722319816
Ptuh,TP3,prot_ug.cm2,10,10,0,441.10287701578955
Ptuh,TP3,surface.area.cm2,10,10,0,47.787812316978204
Ptuh,TP4,Host_AFDW.mg.cm2,9,9,0,2.0997583536693987
Ptuh,TP4,Sym_AFDW.mg.cm2,9,9,0,0.5410337176959138
Ptuh,TP4,calc.umol.cm2.hr,9,9,0,0.00313901869268255
Ptuh,TP4,cells.cm2,9,9,0,99695.47370365994
Ptuh,TP4,chla.ug.cm2,9,9,0,1.7652240633653018
Ptuh,TP4,prot_ug.cm2,9,9,0,426.9876462890842
Ptuh,TP4,surface.area.cm2,9,9,0,81.43045631572508
