species,timepoint,trait,n,observed,missing,negative,zero,min,median,max
Apul,TP1,AQY,42,42,0,0,0,0.00135690977239604,0.002604260006660045,0.00533000130863374
Apul,TP1,Am,42,42,0,0,0,0.5495280129910989,1.0014361289371423,2.1980874784591324
Apul,TP1,Host_AFDW.mg.cm2,42,41,1,0,0,0.7260551284183513,1.2170953792669983,2.897361059621067
Apul,TP1,Host_DW.mg.cm2,42,41,1,0,0,81.60870188885352,248.8422159329588,624.7935164206273
Apul,TP1,Ic,42,42,0,0,0,81.81016812567873,203.03995097723543,407.93324896511547
Apul,TP1,Ik,42,42,0,0,0,210.32371051061756,415.86257543259813,956.3625860982598
Apul,TP1,Ratio_AFDW.mg.cm2,42,41,1,0,0,0.09523809523814034,0.3478260869565325,0.5581395348837352
Apul,TP1,Rd,42,42,0,0,0,0.20588949401340323,0.4474781692349361,0.8758310897582919
Apul,TP1,Sym_AFDW.mg.cm2,42,41,1,0,0,0.1854345928206279,0.6816237756050565,1.569081589523839
Apul,TP1,Sym_DW.mg.cm2,42,41,1,0,0,59.24188029373291,179.7046129763178,463.7641822462776
Apul,TP1,Total_Chl,42,40,2,0,0,1.126897163120561,2.478089449826167,14.139356725145865
Apul,TP1,Total_Chl_cell,42,40,2,0,0,2.2528498190591075e-6,5.585767644954067e-6,2.2841984800282785e-5
Apul,TP1,calc.umol.cm2.hr,42,42,0,0,8,0,0.005973481712108845,0.33466646927507093
Apul,TP1,calc.umol.mgAFDW.hr,42,41,1,0,7,0,0.00496659274469705,0.3052910520547691
Apul,TP1,calc.umol.mgprot.hr,42,40,2,0,7,0,0.014919632447512285,0.980135144928786
Apul,TP1,cells,42,41,1,0,0,5597777.777777777,15290555.555555552,40814166.666666664
Apul,TP1,cells.cm2,42,41,1,0,0,222696.2175447818,643177.2713739005,1161806.0150184247
Apul,TP1,cells.mgAFDW,42,41,1,0,0,216548.46335697273,487795.99271402584,1506432.748537976
Apul,TP1,cells.mgprot,42,40,2,0,0,744352.3572107332,1440125.7303434561,3026545.8298343173
Apul,TP1,chla.ug.cell,42,40,2,0,0,1.8068806818181825e-6,3.5604170219148672e-06,8.661380346412159e-6
Apul,TP1,chla.ug.cm2,42,40,2,0,0,0.7274107525915723,2.0667089880278917,4.993892729324403
Apul,TP1,chla.ug.mgAFDW,42,40,2,0,0,0.7162409909909869,1.6876067663817766,6.296181286549557
Apul,TP1,chla.ug.mgprot,42,39,3,0,0,2.0829763918854094,5.53991574938369,9.64782080196992
Apul,TP1,chlc2.ug.cell,42,40,2,0,0,2.046737288135591e-7,1.7717576733644582e-6,1.4180604453870625e-5
Apul,TP1,chlc2.ug.cm2,42,40,2,0,0,0.07442175711915253,1.1676182793719887,6.142398338642913
Apul,TP1,chlc2.ug.mgAFDW,42,40,2,0,0,0.06625925925926106,0.8513036324786223,7.8431754385963055
Apul,TP1,chlc2.ug.mgprot,42,39,3,0,0,0.21526937769135032,2.7111317137429376,15.404358841489602
Apul,TP1,cre.umol.cm2,42,39,3,0,0,0.01637336273601765,0.04464846949334673,0.20941514672558884
Apul,TP1,cre.umol.mgafdw,42,39,3,0,0,0.01772363377112583,0.03458090315509835,0.08298352900217898
Apul,TP1,cre.umol.mgprot,42,39,3,0,0,0.05079259932233252,0.10662104174016424,0.3796412394033234
Apul,TP1,mgafdw,42,41,1,0,0,12.825000000000308,31.25000000000089,74.09999999999961
Apul,TP1,mgprot,42,40,2,0,0,3.915358818189551,10.805822007408835,29.21680262339849
Apul,TP1,prot_mg.cm2,42,40,2,0,0,0.280017231245292,0.42244440137430095,0.9251628600797672
Apul,TP1,prot_mg.mgafdw,42,40,2,0,0,0.1454910478916621,0.3597637073060411,0.6823673997053779
Apul,TP1,prot_ug.cm2,42,40,2,0,0,280.017231245292,422.4444013743009,925.1628600797673
Apul,TP1,surface.area.cm2,42,42,0,0,0,12.672451197494674,23.545392004236987,51.59271598942462
Apul,TP2,AQY,24,24,0,0,0,0.00125935527933151,0.0020988036948682348,0.00391425094715744
Apul,TP2,Am,24,24,0,0,0,0.5703699158412856,1.0534341000331735,1.5695652696461049
Apul,TP2,Host_AFDW.mg.cm2,24,23,1,0,0,0.682948439380922,1.1518671498015645,2.090794723652589
Apul,TP2,Host_DW.mg.cm2,24,23,1,0,0,74.87106448330017,140.69879670884765,336.22075443973506
Apul,TP2,Ic,24,24,0,0,0,128.533680037543,176.02561886379328,1438.2082008725204
Apul,TP2,Ik,24,24,0,0,0,284.42927205923013,483.87957089764416,805.4144826793103
Apul,TP2,Ratio_AFDW.mg.cm2,24,23,1,0,0,0.17910447761193346,0.31034482758620074,0.41102756892228337
Apul,TP2,Rd,24,24,0,0,0,0.221775220424494,0.403778601386038,0.5606994532205377
Apul,TP2,Sym_AFDW.mg.cm2,24,24,0,0,0,0.29311221283292943,0.5531790457790406,0.9038111519571248
Apul,TP2,Sym_DW.mg.cm2,24,24,0,0,0,47.886416293470894,97.36844377616103,253.2378959600754
Apul,TP2,Total_Chl,24,23,1,0,0,1.390666666666666,2.223159203980119,3.2831349206349363
Apul,TP2,Total_Chl_cell,24,24,0,0,0,2.7249515905947443e-6,3.758271789743807e-6,7.473557692307693e-6
Apul,TP2,calc.umol.cm2.hr,24,24,0,0,8,0,0.18164398604111298,0.5100733032358052
Apul,TP2,calc.umol.mgAFDW.hr,24,23,1,0,8,0,0.15645600725805986,0.5832157659783549
Apul,TP2,calc.umol.mgprot.hr,24,24,0,0,8,0,0.5296458852335242,1.5446948577024624
Apul,TP2,cells,24,24,0,0,0,6031111.111111112,11989583.333333332,39162500
Apul,TP2,cells.cm2,24,24,0,0,0,268385.2419746048,665711.1703698998,1825657.71159522
Apul,TP2,cells.mgAFDW,24,23,1,0,0,282993.1972789145,622222.2222222275,919444.4444444798
Apul,TP2,cells.mgprot,24,24,0,0,0,970469.5835548672,1936891.9951014388,3153391.617467765
Apul,TP2,chla.ug.cell,24,24,0,0,0,2.1838893499308437e-6,2.987481934961532e-6,4.511346153846155e-6
Apul,TP2,chla.ug.cm2,24,24,0,0,0,1.0826932210174254,1.980953589935798,3.987034432971917
Apul,TP2,chla.ug.mgAFDW,24,23,1,0,0,1.1185416666666663,1.7378805031446274,2.9036230158730296
Apul,TP2,chla.ug.mgprot,24,24,0,0,0,4.368841519130958,6.011904124378541,9.1077328321988
Apul,TP2,chlc2.ug.cell,24,24,0,0,0,4.053507951356413e-7,6.896762749445678e-7,2.962211538461538e-6
Apul,TP2,chlc2.ug.cm2,24,24,0,0,0,0.3153750686969463,0.5028132324224402,1.0399504216573354
Apul,TP2,chlc2.ug.mgAFDW,24,23,1,0,0,0.27212499999999973,0.4087794117647193,0.9818181818181222
Apul,TP2,chlc2.ug.mgprot,24,24,0,0,0,0.8399736005654813,1.3878978045219474,4.046332214097252
Apul,TP2,cre.umol.cm2,24,20,4,10,0,-0.04656448118527582,-0.005370755476008151,0.14152638845943533
Apul,TP2,cre.umol.mgafdw,24,19,5,10,0,-0.05445457539737057,-0.0082537329243564,0.06863090134014756
Apul,TP2,cre.umol.mgprot,24,20,4,10,0,-0.20416942611327987,-0.012496187800528365,0.2697890317868724
Apul,TP2,mgafdw,24,23,1,0,0,11.75000000000015,21.20000000000033,70.12500000000266
Apul,TP2,mgprot,24,24,0,0,0,3.1338740236459666,6.620484277051192,18.56074136471081
Apul,TP2,prot_mg.cm2,24,24,0,0,0,0.211625911470158,0.3364932567227362,0.6756226867254134
Apul,TP2,prot_mg.mgafdw,24,23,1,0,0,0.22153790675115825,0.2838498511350374,0.4518140861884399
Apul,TP2,prot_ug.cm2,24,24,0,0,0,211.625911470158,336.4932567227362,675.6226867254134
Apul,TP2,surface.area.cm2,24,24,0,0,0,13.74097261758898,20.03707537707387,34.005968843453324
Apul,TP3,AQY,21,21,0,0,0,7.684266236149851e-4,0.00201247163722746,0.00615770853464156
Apul,TP3,Am,21,21,0,0,0,0.4865895016517144,0.7232467819578052,0.8602480280259095
Apul,TP3,Host_AFDW.mg.cm2,21,21,0,0,0,0.2707926249029988,1.0572493244822598,1.789814998694682
Apul,TP3,Host_DW.mg.cm2,21,21,0,0,0,67.51135051855684,155.249309629527,336.84185149740784
Apul,TP3,Ic,21,21,0,0,0,27.09787267588585,219.16879206100285,351.70350449014313
Apul,TP3,Ik,21,21,0,0,0,103.61079664829712,339.186197602355,797.4952823447537
Apul,TP3,Ratio_AFDW.mg.cm2,21,21,0,0,0,0.271186440677979,0.42622950819674593,0.6408839779005504
Apul,TP3,Rd,21,21,0,0,0,0.16143111630624796,0.38030903607498096,0.4920865124483369
Apul,TP3,Sym_AFDW.mg.cm2,21,21,0,0,0,0.17601520618698016,0.8172324588344475,1.3388009049344638
Apul,TP3,Sym_DW.mg.cm2,21,21,0,0,0,48.11801003112396,110.783724598957,246.59169678155808
Apul,TP3,Total_Chl,21,21,0,0,0,1.5240049751243747,2.444422442244247,14.801794871795389
Apul,TP3,Total_Chl_cell,21,21,0,0,0,5.762837837837839e-6,1.0219241573033709e-5,2.5378328173374617e-5
Apul,TP3,calc.umol.cm2.hr,21,19,2,0,2,0,0.32558505379449665,0.7592978252152126
Apul,TP3,calc.umol.mgAFDW.hr,21,19,2,0,2,0,0.3633019218647577,1.10723809843085
Apul,TP3,calc.umol.mgprot.hr,21,19,2,0,2,0,0.7479075263252465,2.017473818905213
Apul,TP3,cells,21,21,0,0,0,3204999.9999999995,6025000.000000001,12543750
Apul,TP3,cells.cm2,21,21,0,0,0,120530.08374735869,255477.9633975107,570142.1888403734
Apul,TP3,cells.mgAFDW,21,21,0,0,0,142182.8908554578,230496.45390071376,1009722.2222222656
Apul,TP3,cells.mgprot,21,21,0,0,0,309348.73996581585,536569.8672002178,1004581.7979404174
Apul,TP3,chla.ug.cell,21,21,0,0,0,3.2645142002989553e-6,6.548640776699031e-6,1.3820299319727891e-5
Apul,TP3,chla.ug.cm2,21,21,0,0,0,0.8634153622620551,1.6446990405147814,3.327638566142234
Apul,TP3,chla.ug.mgAFDW,21,21,0,0,0,1.0897294685990486,1.4989111111111073,6.940794871795115
Apul,TP3,chla.ug.mgprot,21,21,0,0,0,2.2334758587290553,3.770598480492895,5.863248149501471
Apul,TP3,chlc2.ug.cell,21,21,0,0,0,1.3582273449920512e-6,3.5914153846153855e-6,1.2903156565656566e-5
Apul,TP3,chlc2.ug.cm2,21,21,0,0,0,0.2987692195665202,0.9968814348358416,3.4957855221508813
Apul,TP3,chlc2.ug.mgAFDW,21,21,0,0,0,0.3296417910447754,0.8278085106383143,7.861000000000273
Apul,TP3,chlc2.ug.mgprot,21,21,0,0,0,0.8298229163720807,1.9130005554002956,6.159520508733369
Apul,TP3,cre.umol.cm2,21,21,0,0,0,0.06935302648780842,0.10319282656936568,0.17974646729035276
Apul,TP3,cre.umol.mgafdw,21,21,0,0,0,0.06953732098460522,0.10264395625292862,0.3980702331842496
Apul,TP3,cre.umol.mgprot,21,21,0,0,0,0.1705434096211974,0.2354417767182111,0.5141200761470072
Apul,TP3,mgafdw,21,21,0,0,0,6.599999999999719,27.000000000001023,50.62500000000014
Apul,TP3,mgprot,21,21,0,0,0,4.513753883453766,10.9035908003924,24.32456514986373
Apul,TP3,prot_mg.cm2,21,21,0,0,0,0.3215366293050964,0.4714361368608054,0.589474921755445
Apul,TP3,prot_mg.mgafdw,21,21,0,0,0,0.28227447738426475,0.4514944430804202,1.8439746163731932
Apul,TP3,prot_ug.cm2,21,21,0,0,0,321.5366293050964,471.4361368608054,589.474921755445
Apul,TP3,surface.area.cm2,21,21,0,0,0,11.88543668847162,24.372894211442865,49.98752023294793
Apul,TP4,AQY,29,29,0,0,0,0.00106784393399705,0.00229337803373409,0.01035402546581984
Apul,TP4,Am,29,29,0,0,0,0.44137349008454807,0.8156812368662967,2.7943601162284595
Apul,TP4,Host_AFDW.mg.cm2,29,29,0,0,0,0.6316300339290666,1.379255168918886,3.396840090414332
Apul,TP4,Host_DW.mg.cm2,29,29,0,0,0,50.657952687386405,105.09101777045151,273.52528136061784
Apul,TP4,Ic,29,29,0,0,0,50.78767240881768,134.31075563113873,237.4264741210094
Apul,TP4,Ik,29,29,0,0,0,269.8815185893692,371.7134680545982,733.3677983070102
Apul,TP4,Ratio_AFDW.mg.cm2,29,29,0,0,0,0.21203438395415264,0.28761651131824295,0.4044321329639887
Apul,TP4,Rd,29,29,0,0,0,0.08369905391605664,0.25406109791652465,1.2576866611151047
Apul,TP4,Sym_AFDW.mg.cm2,29,29,0,0,0,0.40266414662979527,0.5695542244747415,1.379537520645617
Apul,TP4,Sym_DW.mg.cm2,29,29,0,0,0,31.210780925720066,89.905848688818,208.8468573534529
Apul,TP4,Total_Chl,29,29,0,0,0,0.4478133333333334,1.295190058479537,3.0574418604651368
Apul,TP4,Total_Chl_cell,29,29,0,0,0,3.5848360655737698e-6,8.223654568210265e-6,1.556623328380386e-5
Apul,TP4,calc.umol.cm2.hr,29,29,0,0,8,0,0.00331497840115057,0.02781454365692734
Apul,TP4,calc.umol.mgAFDW.hr,29,29,0,0,8,0,0.0026416556205023,0.02899205888871494
Apul,TP4,calc.umol.mgprot.hr,29,29,0,0,8,0,0.01138970501255734,0.08719973888046093
Apul,TP4,cells,29,29,0,0,0,4000000.000000001,7914583.333333334,18833333.333333336
Apul,TP4,cells.cm2,29,29,0,0,0,94534.60206739925,230191.08715772757,445559.54432707775
Apul,TP4,cells.mgAFDW,29,29,0,0,0,105320.8137715169,153086.4197530845,340104.16666667257
Apul,TP4,cells.mgprot,29,29,0,0,0,395659.4521055654,839031.2368822303,1444425.4841544093
Apul,TP4,chla.ug.cell,29,29,0,0,0,2.831414141414141e-6,5.56891603053435e-6,1.063517835178352e-5
Apul,TP4,chla.ug.cm2,29,29,0,0,0,0.561630021118923,1.35285416090024,2.7415153775954986
Apul,TP4,chla.ug.mgAFDW,29,29,0,0,0,0.29899733333333334,0.9503779342722904,2.2812906976744336
Apul,TP4,chla.ug.mgprot,29,29,0,0,0,2.4849656024776765,4.427721715903921,10.119808141518996
Apul,TP4,chlc2.ug.cell,29,29,0,0,0,5.922950819672126e-7,2.390698689956332e-6,6.542585438335808e-6
Apul,TP4,chlc2.ug.cm2,29,29,0,0,0,0.12790427400293655,0.5118397732849725,1.132829180443801
Apul,TP4,chlc2.ug.mgAFDW,29,29,0,0,0,0.11290625000000232,0.3508758169934669,0.8862456140350796
Apul,TP4,chlc2.ug.mgprot,29,29,0,0,0,0.6117523625077195,1.7255928871914936,3.69597609398882
Apul,TP4,cre.umol.cm2,29,28,1,0,0,0.0473241602715557,0.10612364112581923,0.15572049842391772
Apul,TP4,cre.umol.mgafdw,29,28,1,0,0,0.02937096055068417,0.06707252524989837,0.12134863391773008
Apul,TP4,cre.umol.mgprot,29,28,1,0,0,0.18189680356317903,0.3462324609548615,0.587889513382342
Apul,TP4,mgafdw,29,29,0,0,0,19.199999999999665,46.875,110.17499999999812
Apul,TP4,mgprot,29,29,0,0,0,4.602551071207354,10.173564180015966,21.994956765358044
Apul,TP4,prot_mg.cm2,29,29,0,0,0,0.1733911595478876,0.2938458256012471,0.47568137590111265
Apul,TP4,prot_mg.mgafdw,29,29,0,0,0,0.09081038281848126,0.2393232330475916,0.3324787351537732
Apul,TP4,prot_ug.cm2,29,29,0,0,0,173.39115954788758,293.8458256012471,475.68137590111263
Apul,TP4,surface.area.cm2,29,29,0,0,0,18.906331949109067,33.19233883547137,75.49764035137311
Peve,TP1,AQY,45,45,0,0,0,0.00316893788335939,0.00616319983983142,0.01613455558032417
Peve,TP1,Am,45,45,0,0,0,0.8562464959017342,1.921311888534772,3.811100337030501
Peve,TP1,Host_AFDW.mg.cm2,45,42,3,0,0,2.1290529739361825,7.299962899562362,14.267673686445509
Peve,TP1,Host_DW.mg.cm2,45,42,3,0,0,232.33514601506147,703.2403317470547,2275.5374270030893
Peve,TP1,Ic,45,45,0,0,0,79.88840656610813,146.66006054540574,254.53339194126292
Peve,TP1,Ik,45,45,0,0,0,168.557361289547,283.6608431279561,533.6674891544121
Peve,TP1,Ratio_AFDW.mg.cm2,45,42,3,0,0,0.09266409266410182,0.31673142588013786,0.5614035087719372
Peve,TP1,Rd,45,45,0,0,0,0.41094794862537504,0.8820711868059434,1.6610802683459251
Peve,TP1,Sym_AFDW.mg.cm2,45,44,1,0,0,0.7714604672848111,3.3608357729289313,7.828928638203515
Peve,TP1,Sym_DW.mg.cm2,45,44,1,0,0,176.02275626945422,530.4039675836472,1758.325853139043
Peve,TP1,Total_Chl,45,42,3,0,0,0.22109042553191388,1.5947172207558067,25.339153846154133
Peve,TP1,Total_Chl_cell,45,45,0,0,0,2.936961641991924e-6,5.998280615206035e-6,3.913368902439026e-5
Peve,TP1,calc.umol.cm2.hr,45,45,0,0,11,0,0.00971498842130889,0.07022564595216749
Peve,TP1,calc.umol.mgAFDW.hr,45,42,3,0,11,0,0.001311378692835955,0.02678031541207887
Peve,TP1,calc.umol.mgprot.hr,45,43,2,0,11,0,0.00306531156203968,0.07099085702587406
Peve,TP1,cells,45,45,0,0,0,4602592.592592591,33665416.66666668,74072222.22222222
Peve,TP1,cells.cm2,45,45,0,0,0,205864.77829991735,1810588.488517163,3930604.559787496
Peve,TP1,cells.mgAFDW,45,42,3,0,0,75278.6220871324,274206.8371218131,655042.7350427423
Peve,TP1,cells.mgprot,45,43,2,0,0,256319.89287198248,629443.0336512165,985432.6599970862
Peve,TP1,chla.ug.cell,45,45,0,0,0,2.529252148997135e-6,4.400499769691386e-6,1.614467987804878e-5
Peve,TP1,chla.ug.cm2,45,45,0,0,0,2.4231827752223505,7.993611429986124,39.85776295598256
Peve,TP1,chla.ug.mgAFDW,45,42,3,0,0,0.21919680851063736,1.0546783297720759,9.18832307692318
Peve,TP1,chla.ug.mgprot,45,43,2,0,0,1.1781733701294048,2.9063668856642693,8.957821721011157
Peve,TP1,chlc2.ug.cell,45,45,0,0,0,2.515477792732093e-8,1.6180441988950278e-6,2.4656148225469736e-5
Peve,TP1,chlc2.ug.cm2,45,45,0,0,0,0.0255457887422605,3.5971237100058224,70.06022523946332
Peve,TP1,chlc2.ug.mgAFDW,45,42,3,0,0,0.00189361702127653,0.4633781385281349,16.150830769230954
Peve,TP1,chlc2.ug.mgprot,45,43,2,0,0,0.01351997894867994,1.1087867324430347,12.755374961359118
Peve,TP1,cre.umol.cm2,45,33,12,0,0,0.17349821335179455,1.0899985091254532,2.934837389434513
Peve,TP1,cre.umol.mgafdw,45,30,15,0,0,0.03878300473362516,0.16833181919557477,0.5435118723612166
Peve,TP1,cre.umol.mgprot,45,33,12,0,0,0.09858862533413744,0.3965555187873668,0.6005672741410379
Peve,TP1,mgafdw,45,42,3,0,0,41.60000000000075,131.19999999999976,370.1250000000016
Peve,TP1,mgprot,45,43,2,0,0,11.418389158405349,50.05366489495988,127.04450400157694
Peve,TP1,prot_mg.cm2,45,43,2,0,0,0.8031556817275021,2.643095157657525,11.019940371970767
Peve,TP1,prot_mg.mgafdw,45,40,5,0,0,0.1400606486492658,0.3993614422141818,1.4575513255208237
Peve,TP1,prot_ug.cm2,45,43,2,0,0,803.155681727502,2643.0951576575244,11019.94037197077
Peve,TP1,surface.area.cm2,45,45,0,0,0,8.114847894476807,17.004258605164857,47.36859585492023
Peve,TP2,AQY,44,44,0,0,0,0.0012552552938207,0.00619086588273024,0.01046233174639963
Peve,TP2,Am,44,44,0,0,0,0.8876483459439237,2.3964141372128567,3.759607685423034
Peve,TP2,Host_AFDW.mg.cm2,44,41,3,0,0,2.4432052551003887,6.265474668882063,9.693007174652484
Peve,TP2,Host_DW.mg.cm2,44,41,3,0,0,279.38452096363875,705.224307526424,1018.5217848259808
Peve,TP2,Ic,44,44,0,0,0,77.56059508668254,141.76629610976408,532.9870471688214
Peve,TP2,Ik,44,44,0,0,0,192.16905239456892,394.64643637992197,1005.6184010269916
Peve,TP2,Ratio_AFDW.mg.cm2,44,41,3,0,0,0.13483146067414473,0.30769230769230954,0.8865979381443306
Peve,TP2,Rd,44,44,0,0,0,0.4142183025814937,0.8195575904919634,1.3521302961015709
Peve,TP2,Sym_AFDW.mg.cm2,44,44,0,0,0,0.5894717440877809,2.690690504447116,47.34072818846834
Peve,TP2,Sym_DW.mg.cm2,44,44,0,0,0,210.57193436832705,535.837465863864,806.0506045378714
Peve,TP2,Total_Chl,44,41,3,0,0,0.6208868501529006,1.2706150793650743,2.4303418803419516
Peve,TP2,Total_Chl_cell,44,44,0,0,0,3.48681377825619e-6,5.574677759886281e-6,1.2830588235294122e-5
Peve,TP2,calc.umol.cm2.hr,44,44,0,0,9,0,0.6526220035242685,2.111202540024393
Peve,TP2,calc.umol.mgAFDW.hr,44,41,3,0,8,0,0.09656839302094077,0.35933052885429495
Peve,TP2,calc.umol.mgprot.hr,44,44,0,0,9,0,0.2549223832904284,1.7336951640550708
Peve,TP2,cells,44,44,0,0,0,6121875.000000001,25600694.444444444,85839999.99999999
Peve,TP2,cells.cm2,44,44,0,0,0,330959.1144396635,1609986.8089612564,3190948.642895226
Peve,TP2,cells.mgAFDW,44,41,3,0,0,68758.16993464092,245987.6543209876,451440.3292181075
Peve,TP2,cells.mgprot,44,44,0,0,0,281829.94956439146,686211.3980465326,1087478.8128894798
Peve,TP2,chla.ug.cell,44,44,0,0,0,2.692120559741658e-6,4.3069150060413486e-6,9.53129411764706e-6
Peve,TP2,chla.ug.cm2,44,44,0,0,0,1.5569939521194085,6.272470089592712,15.674863270221568
Peve,TP2,chla.ug.mgAFDW,44,41,3,0,0,0.4905137254901989,0.9952870370370366,1.877649572649628
Peve,TP2,chla.ug.mgprot,44,44,0,0,0,1.9677945065987696,2.8875757535516704,5.4048172634290745
Peve,TP2,chlc2.ug.cell,44,44,0,0,0,7.262068965517238e-7,1.222905202194676e-6,3.299294117647062e-6
Peve,TP2,chlc2.ug.cm2,44,44,0,0,0,0.5134609139290374,1.6904953014963788,4.613947394537078
Peve,TP2,chlc2.ug.mgAFDW,44,41,3,0,0,0.12070642201834764,0.2685833333333323,0.552692307692324
Peve,TP2,chlc2.ug.mgprot,44,44,0,0,0,0.4803330648692823,0.7955451881692073,2.3365280328397917
Peve,TP2,cre.umol.cm2,44,39,5,0,0,0.11214587418636066,1.239539989873831,2.8617749204667575
Peve,TP2,cre.umol.mgafdw,44,37,7,0,0,0.04304309793644714,0.1986331016774181,0.4694149824666407
Peve,TP2,cre.umol.mgprot,44,39,5,0,0,0.21974654783784237,0.548725577380978,1.0818517094539948
Peve,TP2,mgafdw,44,41,3,0,0,47.2999999999999,120.93750000000014,267.5250000000027
Peve,TP2,mgprot,44,44,0,0,0,13.488563490875563,38.21357366947737,109.31765714133614
Peve,TP2,prot_mg.cm2,44,44,0,0,0,0.510341915674218,2.169139531471746,4.127871006825461
Peve,TP2,prot_mg.mgafdw,44,41,3,0,0,0.1769971350378513,0.34888765476934397,0.6389493330924763
Peve,TP2,prot_ug.cm2,44,44,0,0,0,510.341915674218,2169.1395314717465,4127.871006825461
Peve,TP2,surface.area.cm2,44,44,0,0,0,10.037382759068446,18.718372927449135,49.422629254526974
Peve,TP3,AQY,40,40,0,0,0,0.00325751106591619,0.007739095608180795,0.02087453290402614
Peve,TP3,Am,40,40,0,0,0,0.965589710211772,1.7654052476944464,3.213049982381451
Peve,TP3,Host_AFDW.mg.cm2,40,39,1,0,0,3.5628069454718965,6.678063060731343,10.67277829793644
Peve,TP3,Host_DW.mg.cm2,40,39,1,0,0,226.76971413028355,609.3107590491916,1256.8012190556
Peve,TP3,Ic,40,40,0,0,0,19.04574827578297,105.51626968235138,243.81818962340355
Peve,TP3,Ik,40,40,0,0,0,79.17508256337965,243.3290203974807,834.9077994149634
Peve,TP3,Ratio_AFDW.mg.cm2,40,39,1,0,0,0.13727359389895347,0.3253968253968235,0.4823906083244411
Peve,TP3,Rd,40,40,0,0,0,0.2510097155769069,0.7216769689561222,1.267695156773553
Peve,TP3,Sym_AFDW.mg.cm2,40,40,0,0,0,0.9367486999939888,3.7003652977777026,7.320891205959056
Peve,TP3,Sym_DW.mg.cm2,40,40,0,0,0,162.91545404751213,460.3183926320712,988.5891564755073
Peve,TP3,Total_Chl,40,39,1,0,0,0.8794171220400699,1.5580141843972088,3.7117269076305943
Peve,TP3,Total_Chl_cell,40,40,0,0,0,2.21235925634983e-6,8.474187085990492e-6,2.429098966026588e-5
Peve,TP3,calc.umol.cm2.hr,40,38,2,0,2,0,0.6900130202299539,1.6138068858466217
Peve,TP3,calc.umol.mgAFDW.hr,40,37,3,0,2,0,0.10311652735857738,0.22839158578763172
Peve,TP3,calc.umol.mgprot.hr,40,38,2,0,2,0,0.27187082426679204,0.9796287587433616
Peve,TP3,cells,40,40,0,0,0,7950000,24949583.333333336,66416666.66666667
Peve,TP3,cells.cm2,40,40,0,0,0,342612.3634707334,1455382.9678309974,2882062.483103521
Peve,TP3,cells.mgAFDW,40,39,1,0,0,65600.77519379898,204071.24681933803,397549.01960784185
Peve,TP3,cells.mgprot,40,40,0,0,0,259381.5039603675,531805.6876336541,1223152.9158531702
Peve,TP3,chla.ug.cell,40,40,0,0,0,1.58097080387536e-6,5.610776027698052e-6,1.4411905465288038e-5
Peve,TP3,chla.ug.cm2,40,40,0,0,0,3.5088801199752204,6.9401160288125965,19.58311424715846
Peve,TP3,chla.ug.mgAFDW,40,39,1,0,0,0.6173132530120601,1.1201458333333454,2.084618473895623
Peve,TP3,chla.ug.mgprot,40,40,0,0,0,1.9158048639598344,2.7634502942349632,6.830772687621852
Peve,TP3,chlc2.ug.cell,40,40,0,0,0,6.313884524744699e-7,2.6277923240461012e-06,1.1862902374670186e-5
Peve,TP3,chlc2.ug.cm2,40,40,0,0,0,1.398894454717879,3.3828363871136338,15.285219213663378
Peve,TP3,chlc2.ug.mgAFDW,40,39,1,0,0,0.250978142076502,0.50628099173554,1.6289999999999758
Peve,TP3,chlc2.ug.mgprot,40,40,0,0,0,0.5619523462495318,1.3673864447655966,7.92428217350439
Peve,TP3,cre.umol.cm2,40,40,0,0,0,0.4411772807058976,1.8972942230829148,3.903979148328768
Peve,TP3,cre.umol.mgafdw,40,39,1,0,0,0.10548039667759336,0.2605473927817678,0.4689502918714595
Peve,TP3,cre.umol.mgprot,40,40,0,0,0,0.4009925776102287,0.6479050350777935,1.6212375784168636
Peve,TP3,mgafdw,40,39,1,0,0,52.87499999999845,127.2000000000002,233.550000000001
Peve,TP3,mgprot,40,40,0,0,0,16.12794850669894,45.470374822500105,109.255260539009
Peve,TP3,prot_mg.cm2,40,40,0,0,0,1.086728453066322,2.532748035768441,4.856883431490393
Peve,TP3,prot_mg.mgafdw,40,39,1,0,0,0.17206949081113254,0.38208430610575034,0.7054104104680168
Peve,TP3,prot_ug.cm2,40,40,0,0,0,1086.728453066322,2532.748035768441,4856.8834314903925
Peve,TP3,surface.area.cm2,40,40,0,0,0,10.609755737203464,17.844849460818278,30.46324197878775
Peve,TP4,AQY,38,38,0,0,0,0.00274233461488267,0.00515041462390267,0.01164727878421407
Peve,TP4,Am,38,38,0,0,0,1.2992388703939686,1.7761349363316046,4.183523647643422
Peve,TP4,Host_AFDW.mg.cm2,38,37,1,0,0,3.085705332842309,7.253400559633524,15.11913009077546
Peve,TP4,Host_DW.mg.cm2,38,37,1,0,0,139.28797208963638,387.1915100737824,790.3616056742817
Peve,TP4,Ic,38,38,0,0,0,36.10126396935627,126.9420270946885,205.3075758400536
Peve,TP4,Ik,38,38,0,0,0,162.02729586770272,382.8003669827435,544.3076788669297
Peve,TP4,Ratio_AFDW.mg.cm2,38,36,2,0,0,0.12050534499514326,0.3015489798098492,0.4051446945337627
Peve,TP4,Rd,38,38,0,0,0,0.1143115170859286,0.6356636274674544,1.1051390713615887
Peve,TP4,Sym_AFDW.mg.cm2,38,37,1,0,0,0.7415193197741989,3.1367273737138275,7.517800968480248
Peve,TP4,Sym_DW.mg.cm2,38,37,1,0,0,100.52627443755746,318.6709778564118,681.8704940578857
Peve,TP4,Total_Chl,38,37,1,0,0,0.5283655913978571,1.1066828478964432,1.7373333333333547
Peve,TP4,Total_Chl_cell,38,38,0,0,0,4.4093635250918e-6,9.552465701219513e-6,1.5508962264150944e-5
Peve,TP4,calc.umol.cm2.hr,38,38,0,0,4,0,0.013004950845285614,0.08221681273890875
Peve,TP4,calc.umol.mgAFDW.hr,38,37,1,0,4,0,0.00183926076189067,0.01224772594622708
Peve,TP4,calc.umol.mgprot.hr,38,38,0,0,4,0,0.006724046945736299,0.05593086097837675
Peve,TP4,cells,38,38,0,0,0,5687500,13489166.666666666,58792500
Peve,TP4,cells.cm2,38,38,0,0,0,290682.3864271737,895480.0972218256,2577210.21224845
Peve,TP4,cells.mgAFDW,38,37,1,0,0,54780.36175710567,114096.18573797616,241002.94985251152
Peve,TP4,cells.mgprot,38,38,0,0,0,184844.02113165893,426840.85776855785,788312.5534150162
Peve,TP4,chla.ug.cell,38,38,0,0,0,3.519718482252143e-6,6.4034424719774735e-6,1.083242924528302e-5
Peve,TP4,chla.ug.cm2,38,38,0,0,0,2.3547881988684387,5.457930095172792,16.24548396258384
Peve,TP4,chla.ug.mgAFDW,38,37,1,0,0,0.3845010752688227,0.7254685534591233,1.2831155555555565
Peve,TP4,chla.ug.mgprot,38,38,0,0,0,1.8140786434395704,2.7998126249627937,4.065317191513122
Peve,TP4,chlc2.ug.cell,38,38,0,0,0,8.896450428396575e-7,2.7684918392782956e-6,7.039416445623343e-6
Peve,TP4,chlc2.ug.cm2,38,38,0,0,0,0.8954135511135519,2.050143022826112,6.305376377636408
Peve,TP4,chlc2.ug.mgAFDW,38,37,1,0,0,0.1438645161290344,0.287563636363636,0.9080000000000086
Peve,TP4,chlc2.ug.mgprot,38,38,0,0,0,0.6008792877330252,0.9898972431042627,4.237531743460428
Peve,TP4,cre.umol.cm2,38,38,0,0,0,0.33704898756804125,1.132743696993638,2.6511765063240933
Peve,TP4,cre.umol.mgafdw,38,37,1,0,0,0.08025222521832377,0.16142607273477882,0.4165531490471487
Peve,TP4,cre.umol.mgprot,38,38,0,0,0,0.3630896635993864,0.6611904612301582,0.9364467592802516
Peve,TP4,mgafdw,38,37,1,0,0,56.24999999999947,125.45000000000071,438.7500000000024
Peve,TP4,mgprot,38,38,0,0,0,12.053007055067257,34.55310451342399,102.1079580405502
Peve,TP4,prot_mg.cm2,38,38,0,0,0,0.8926203193085261,1.877418548348376,4.651418705527937
Peve,TP4,prot_mg.mgafdw,38,37,1,0,0,0.14756433249514375,0.25752732815673646,0.5426572820415627
Peve,TP4,prot_ug.cm2,38,38,0,0,0,892.6203193085262,1877.4185483483761,4651.418705527937
Peve,TP4,surface.area.cm2,38,38,0,0,0,9.162428344245445,17.560193390706104,60.31569356355711
Ptuh,TP1,AQY,43,43,0,0,0,6.735068641935929e-4,0.00275846143283858,0.00636877434456187
Ptuh,TP1,Am,43,43,0,0,0,0.2920077037599506,0.9338734173683056,1.58009657749254
Ptuh,TP1,Host_AFDW.mg.cm2,43,43,0,0,0,0.7371907476793926,1.9819985879280688,3.1127082849888423
Ptuh,TP1,Host_DW.mg.cm2,43,43,0,0,0,110.51478328397803,222.92617580511748,701.8429632588209
Ptuh,TP1,Ic,43,43,0,0,0,65.04680736607565,162.55518360929565,434.735643739614
Ptuh,TP1,Ik,43,43,0,0,0,191.57262033161177,349.7402012711016,660.2972139173994
Ptuh,TP1,Ratio_AFDW.mg.cm2,43,42,1,0,0,0.07547169811318002,0.23052854529700978,0.3990929705215645
Ptuh,TP1,Rd,43,43,0,0,0,0.15806066258232873,0.3871501058456784,0.6398233400064258
Ptuh,TP1,Sym_AFDW.mg.cm2,43,42,1,0,0,0.14782766618799217,0.5682597015701611,1.176085190398738
Ptuh,TP1,Sym_DW.mg.cm2,43,42,1,0,0,88.96712159314515,168.49411075222332,544.6082717448037
Ptuh,TP1,Total_Chl,43,41,2,0,0,0.6426483050847572,1.9713806380638388,9.306268343815256
Ptuh,TP1,Total_Chl_cell,43,39,4,0,0,4.183627633209417e-6,1.1148945783132532e-5,7.124949776785713e-5
Ptuh,TP1,calc.umol.cm2.hr,43,43,0,0,13,0,0.00272037443491659,0.2092238152840961
Ptuh,TP1,calc.umol.mgAFDW.hr,43,43,0,0,13,0,0.00131572644304564,0.10667779913110946
Ptuh,TP1,calc.umol.mgprot.hr,43,41,2,0,12,0,0.00570711884218491,0.45424598403777666
Ptuh,TP1,cells,43,41,2,0,0,2575000,11937499.999999998,23628500.000000004
Ptuh,TP1,cells.cm2,43,41,2,0,0,84590.27565204792,304938.67574991746,688705.5046013942
Ptuh,TP1,cells.mgAFDW,43,41,2,0,0,46712.0181405878,160433.60433604344,322633.7448559574
Ptuh,TP1,cells.mgprot,43,39,4,0,0,257667.4124892707,638410.2283976044,1261291.066862116
Ptuh,TP1,chla.ug.cell,43,39,4,0,0,3.6529027261462218e-6,7.674367469879519e-6,3.230191747572816e-5
Ptuh,TP1,chla.ug.cm2,43,41,2,0,0,0.509124066576134,2.429979735774241,6.027657713637489
Ptuh,TP1,chla.ug.mgAFDW,43,41,2,0,0,0.5243601694915347,1.2924114583333324,3.6428595387839655
Ptuh,TP1,chla.ug.mgprot,43,39,4,0,0,2.009978264426443,5.06200368436754,14.479833675819687
Ptuh,TP1,chlc2.ug.cell,43,39,4,0,0,5.307249070631951e-7,3.4745783132530127e-6,4.348577008928572e-5
Ptuh,TP1,chlc2.ug.cm2,43,41,2,0,0,0.16406589640019917,1.0774800377585996,9.370959655645889
Ptuh,TP1,chlc2.ug.mgAFDW,43,41,2,0,0,0.09611111111111292,0.5786698113207559,5.663408805031291
Ptuh,TP1,chlc2.ug.mgprot,43,39,4,0,0,0.29202680924169383,2.086449630069146,22.511221380333605
Ptuh,TP1,cre.umol.cm2,43,36,7,0,0,0.01130714314254642,0.038400752861934825,0.07059025057045583
Ptuh,TP1,cre.umol.mgafdw,43,36,7,0,0,0.00593109133206899,0.018262834680029233,0.03464780865700704
Ptuh,TP1,cre.umol.mgprot,43,36,7,0,0,0.02072346520622397,0.07864867446935137,0.12907522975964977
Ptuh,TP1,mgafdw,43,43,0,0,0,35.99999999999959,75.25000000000227,160.00000000000014
Ptuh,TP1,mgprot,43,41,2,0,0,10.303261825650388,17.672152680932967,42.11513974299789
Ptuh,TP1,prot_mg.cm2,43,41,2,0,0,0.21464501590527535,0.4836660283492892,0.7347253732774904
Ptuh,TP1,prot_mg.mgafdw,43,41,2,0,0,0.17036624273821,0.2350265189109174,0.36757620145182585
Ptuh,TP1,prot_ug.cm2,43,41,2,0,0,214.6450159052754,483.6660283492892,734.7253732774905
Ptuh,TP1,surface.area.cm2,43,43,0,0,0,17.733753036288142,38.36802408806103,114.75998615869048
Ptuh,TP2,AQY,44,44,0,0,0,6.614243601907931e-4,0.00193066045424719,0.00440518799190128
Ptuh,TP2,Am,44,44,0,0,0,0.5312395615511781,0.9138570802862795,1.341589829468454
Ptuh,TP2,Host_AFDW.mg.cm2,44,44,0,1,0,-4.6974549418195215,1.8915002651702046,2.7877172075130225
Ptuh,TP2,Host_DW.mg.cm2,44,44,0,0,0,66.63991889743525,151.8502689273783,354.92564018720424
Ptuh,TP2,Ic,44,44,0,0,0,67.75246175134319,199.40842685204518,1077.1960609046157
Ptuh,TP2,Ik,44,44,0,0,0,225.9576842466494,466.912540184377,1103.4559531866664
Ptuh,TP2,Ratio_AFDW.mg.cm2,44,42,2,2,0,-0.09120521172639322,0.20527371686512164,0.34959349593496064
Ptuh,TP2,Rd,44,44,0,0,0,0.1675497736135636,0.3694215855502563,0.6924377096381141
Ptuh,TP2,Sym_AFDW.mg.cm2,44,42,2,1,0,-0.05624040738575167,0.4814650890457819,1.0159878887457732
Ptuh,TP2,Sym_DW.mg.cm2,44,42,2,0,0,46.18397172743943,105.1630822028328,261.9321265749171
Ptuh,TP2,Total_Chl,44,44,0,1,0,-0.5591791044776133,1.1991720238095196,3.9268750000000248
Ptuh,TP2,Total_Chl_cell,44,44,0,0,0,5.466843220338981e-6,1.2875278054727954e-5,3.84858644859813e-5
Ptuh,TP2,calc.umol.cm2.hr,44,44,0,0,10,0,0.09453844364167101,2.037083508584572
Ptuh,TP2,calc.umol.mgAFDW.hr,44,44,0,1,10,-0.05858156163761228,0.05389969914688106,0.8737359081159771
Ptuh,TP2,calc.umol.mgprot.hr,44,44,0,0,10,0,0.21998945801186232,4.9471066455687795
Ptuh,TP2,cells,44,44,0,0,0,1570370.3703703708,4553645.833333333,26910000
Ptuh,TP2,cells.cm2,44,44,0,0,0,44649.50628845768,171348.1585765147,577509.8616033973
Ptuh,TP2,cells.mgAFDW,44,44,0,1,0,-83360.97291321194,100192.54185692551,407630.52208835
Ptuh,TP2,cells.mgprot,44,44,0,0,0,87741.40213053479,411525.1699099062,1240504.79868822
Ptuh,TP2,chla.ug.cell,44,44,0,0,0,4.421673728813557e-6,1.037718797786088e-5,2.9608668224299063e-5
Ptuh,TP2,chla.ug.cm2,44,44,0,0,0,0.8929293195076844,1.8553307961658898,3.958281040191341
Ptuh,TP2,chla.ug.mgAFDW,44,44,0,1,0,-0.4469800995024887,0.9554217065821805,3.045671875000019
Ptuh,TP2,chla.ug.mgprot,44,44,0,0,0,2.597906065217811,4.058928751330262,8.502480998819832
Ptuh,TP2,chlc2.ug.cell,44,44,0,0,0,1.0451694915254236e-6,2.608400470357734e-6,8.877196261682243e-6
Ptuh,TP2,chlc2.ug.cm2,44,44,0,0,0,0.27177261726196245,0.4793838022445238,1.297656124394338
Ptuh,TP2,chlc2.ug.mgAFDW,44,44,0,1,0,-0.1121990049751246,0.2580783444198063,0.9159397590361376
Ptuh,TP2,chlc2.ug.mgprot,44,44,0,0,0,0.5533190404626742,1.1195994279881871,2.7873959500692003
Ptuh,TP2,cre.umol.cm2,44,41,3,15,0,-0.07656504510802216,0.01969270032688123,0.1278158186681358
Ptuh,TP2,cre.umol.mgafdw,44,41,3,14,0,-0.03720531001951161,0.01166000493333283,0.06487369042859882
Ptuh,TP2,cre.umol.mgprot,44,41,3,15,0,-0.16859377445113155,0.03549383537389519,0.3199159812682942
Ptuh,TP2,mgafdw,44,44,0,1,0,-87.93749999999977,41.92499999999998,160.42500000000004
Ptuh,TP2,mgprot,44,44,0,0,0,5.438935914440702,9.27284079282332,42.633102287359584
Ptuh,TP2,prot_mg.cm2,44,44,0,0,0,0.2924683170065572,0.44231955624236197,0.9447646860365556
Ptuh,TP2,prot_mg.mgafdw,44,44,0,1,0,-0.09404265421565644,0.22541922830450645,0.516068132440178
Ptuh,TP2,prot_ug.cm2,44,44,0,0,0,292.4683170065572,442.31955624236195,944.7646860365556
Ptuh,TP2,surface.area.cm2,44,44,0,0,0,14.275935597153056,21.971172303190137,84.2850069227622
Ptuh,TP3,AQY,38,38,0,0,0,0.00146162810868737,0.0030012787761277597,0.00706019170834864
Ptuh,TP3,Am,38,38,0,0,0,0.3607715461460628,0.793858428564086,1.5653172384072576
Ptuh,TP3,Host_AFDW.mg.cm2,38,37,1,0,0,0.7456975567683857,1.7424965708089215,2.654866009778777
Ptuh,TP3,Host_DW.mg.cm2,38,37,1,0,0,33.92886982547933,120.61307794849291,282.4707002864787
Ptuh,TP3,Ic,38,36,2,0,0,27.11289691236488,174.69670429542788,375.6836101583124
Ptuh,TP3,Ik,38,38,0,0,0,104.65689634136852,261.4336702569056,442.1488577043474
Ptuh,TP3,Ratio_AFDW.mg.cm2,38,35,3,0,0,0.06169665809768711,0.3426632739609823,0.4709543568464716
Ptuh,TP3,Rd,38,38,0,0,0,0.14205712194644124,0.3879940154860585,0.7756694281486433
Ptuh,TP3,Sym_AFDW.mg.cm2,38,36,2,0,0,0.07254257845822941,0.953511343935215,1.4811074665866126
Ptuh,TP3,Sym_DW.mg.cm2,38,36,2,0,0,18.814693229393583,86.5470475251839,223.5425698861856
Ptuh,TP3,Total_Chl,38,37,1,0,0,0.6186135693215278,1.9838804713804676,4.634567901234762
Ptuh,TP3,Total_Chl_cell,38,37,1,0,0,8.321794871794874e-6,1.598891077962286e-5,3.937629246676516e-5
Ptuh,TP3,calc.umol.cm2.hr,38,33,5,0,7,0,0.06677206156465751,0.5056386752394174
Ptuh,TP3,calc.umol.mgAFDW.hr,38,32,6,0,7,0,0.04083505629816416,0.3007222774215329
Ptuh,TP3,calc.umol.mgprot.hr,38,33,5,0,7,0,0.13000799779136243,1.1363747733154606
Ptuh,TP3,cells,38,37,1,0,0,1565000,9150000,28900000
Ptuh,TP3,cells.cm2,38,37,1,0,0,47537.931714564016,169848.92843148252,468045.0611491157
Ptuh,TP3,cells.mgAFDW,38,36,2,0,0,36559.13978494609,98864.40908472601,242633.7448559772
Ptuh,TP3,cells.mgprot,38,37,1,0,0,149257.38742930564,383938.9284822913,821738.73771223
Ptuh,TP3,chla.ug.cell,38,37,1,0,0,5.700219780219782e-6,1.0551594036697244e-5,2.807975490196079e-5
Ptuh,TP3,chla.ug.cm2,38,38,0,0,0,0.718050586454044,2.029369623149774,4.375809664326843
Ptuh,TP3,chla.ug.mgAFDW,38,37,1,0,0,0.4648613569321488,1.169472422062371,2.900123456790245
Ptuh,TP3,chla.ug.mgprot,38,38,0,0,0,1.7217086190409632,4.25549113337171,10.20444730081471
Ptuh,TP3,chlc2.ug.cell,38,37,1,0,0,2.3755045871559644e-6,4.9740814696485655e-6,2.0054601769911504e-5
Ptuh,TP3,chlc2.ug.cm2,38,38,0,0,0,0.2364575452468317,0.9660298068866656,2.6906326064964445
Ptuh,TP3,chlc2.ug.mgAFDW,38,37,1,0,0,0.153752212389379,0.620698412698405,1.8884750000000083
Ptuh,TP3,chlc2.ug.mgprot,38,38,0,0,0,0.5694526019852595,2.145675235626265,5.8995464962949535
Ptuh,TP3,cre.umol.cm2,38,38,0,0,0,0.02904415059117586,0.08301247413214709,0.23909967287692216
Ptuh,TP3,cre.umol.mgafdw,38,37,1,0,0,0.03204642593681007,0.05056706789142731,0.10355699721584774
Ptuh,TP3,cre.umol.mgprot,38,38,0,0,0,0.12440109384421848,0.19437690525586504,0.3395993187447347
Ptuh,TP3,mgafdw,38,37,1,0,0,27.843749999998835,80.9374999999992,188.81250000000185
Ptuh,TP3,mgprot,38,38,0,0,0,6.9024076724496934,21.90917411505481,52.16152740390807
Ptuh,TP3,prot_mg.cm2,38,38,0,0,0,0.163351753208309,0.48911010328169024,0.7040640533694512
Ptuh,TP3,prot_mg.mgafdw,38,37,1,0,0,0.1995362679652149,0.2633868643369196,0.42463035499836554
Ptuh,TP3,prot_ug.cm2,38,38,0,0,0,163.351753208309,489.11010328169027,704.0640533694512
Ptuh,TP3,surface.area.cm2,38,38,0,0,0,24.24570021630175,47.600762324123636,97.52814641686572
Ptuh,TP4,AQY,40,39,1,0,0,9.537294576139622e-4,0.00255256940863173,0.00409587531371711
Ptuh,TP4,Am,40,39,1,0,0,0.3417561453848583,0.7985090178178785,1.4204774207160784
Ptuh,TP4,Host_AFDW.mg.cm2,40,40,0,0,0,0.734130756525919,2.756866103318485,4.297590693348787
Ptuh,TP4,Host_DW.mg.cm2,40,40,0,0,0,20.06372496550216,87.8402982688101,240.37917288106675
Ptuh,TP4,Ic,40,39,1,0,0,96.4758681741305,167.31797241437508,331.9055740270214
Ptuh,TP4,Ik,40,39,1,0,0,204.03551211857143,301.281091598403,590.8582643171982
Ptuh,TP4,Ratio_AFDW.mg.cm2,40,38,2,0,0,0.1252006420545742,0.20215148563424484,0.4221105527638192
Ptuh,TP4,Rd,40,39,1,0,0,0.15781427221496352,0.3739638361748056,0.5584719479786432
Ptuh,TP4,Sym_AFDW.mg.cm2,40,38,2,0,0,0.15368718641289933,0.6253472045323849,1.5131296461870267
Ptuh,TP4,Sym_DW.mg.cm2,40,38,2,0,0,13.09853934484816,66.0294580405666,180.15412149238617
Ptuh,TP4,Total_Chl,40,40,0,0,0,0.36388310185185113,0.9595160388533533,1.933503727369544
Ptuh,TP4,Total_Chl_cell,40,39,1,0,0,7.469381107491858e-6,1.8198301630434785e-5,3.539170560747662e-5
Ptuh,TP4,calc.umol.cm2.hr,40,40,0,0,11,0,0.0012761430644128951,0.01314703387974015
Ptuh,TP4,calc.umol.mgAFDW.hr,40,40,0,0,11,0,4.401843618757674e-4,0.01175754731314336
Ptuh,TP4,calc.umol.mgprot.hr,40,40,0,0,11,0,0.0029702395832327047,0.05268801882665357
Ptuh,TP4,cells,40,39,1,0,0,3025000,8866666.666666668,21493055.55555556
Ptuh,TP4,cells.cm2,40,39,1,0,0,41051.86006118429,136522.57198246132,343200.1482021254
Ptuh,TP4,cells.mgAFDW,40,39,1,0,0,21201.201201201187,50540.315876974,104385.96491228156
Ptuh,TP4,cells.mgprot,40,39,1,0,0,145377.83401417086,298968.8907693829,777083.1720448507
Ptuh,TP4,chla.ug.cell,40,39,1,0,0,5.042019543973943e-6,1.3494178272980504e-5,2.6203192488262908e-5
Ptuh,TP4,chla.ug.cm2,40,40,0,0,0,0.5539611181030691,1.7023942218637518,3.762146782378829
Ptuh,TP4,chla.ug.mgAFDW,40,40,0,0,0,0.26418171296296244,0.7107136245854082,1.356372736954208
Ptuh,TP4,chla.ug.mgprot,40,40,0,0,0,2.1229686324510713,4.009206068728788,6.17577731973898
Ptuh,TP4,chlc2.ug.cell,40,39,1,0,0,2.184075630252101e-6,4.834797570850202e-6,1.3575000000000005e-5
Ptuh,TP4,chlc2.ug.cm2,40,40,0,0,0,0.21760801999396404,0.6896943887543561,1.2597444992105442
Ptuh,TP4,chlc2.ug.mgAFDW,40,40,0,0,0,0.0997013888888887,0.2616553249941545,0.7075568862275384
Ptuh,TP4,chlc2.ug.mgprot,40,40,0,0,0,0.6232811308062615,1.4575066480747172,3.195588738587103
Ptuh,TP4,cre.umol.cm2,40,39,1,0,0,0.02750248068774372,0.10007928136844896,0.4309537408578462
Ptuh,TP4,cre.umol.mgafdw,40,39,1,0,0,0.02042219699113027,0.03856919209357554,0.1532993082394165
Ptuh,TP4,cre.umol.mgprot,40,39,1,0,0,0.08363201702342721,0.23736924625399336,0.8732004055019692
Ptuh,TP4,mgafdw,40,40,0,0,0,60.00000000000005,184.18750000000017,339.24999999999983
Ptuh,TP4,mgprot,40,40,0,0,0,13.109294103129132,30.787662081206022,59.49086715639737
Ptuh,TP4,prot_mg.cm2,40,40,0,0,0,0.16382428673747598,0.44785185114385095,0.6875131613214404
Ptuh,TP4,prot_mg.mgafdw,40,40,0,0,0,0.09991768685518768,0.17124821575361343,0.27635341086430265
Ptuh,TP4,prot_ug.cm2,40,40,0,0,0,163.82428673747597,447.8518511438509,687.5131613214404
Ptuh,TP4,surface.area.cm2,40,40,0,0,0,40.921492015175694,72.29053209716466,125.2646503002762
