draw,pair,rho
1,Apul-Peve,0.2818123905080427
1,Apul-Ptuh,0.35594538899151723
1,Peve-Ptuh,0.2206741912814583
2,Apul-Peve,0.2863513298295907
2,Apul-Ptuh,0.32415965222975224
2,Peve-Ptuh,0.2155352627599239
3,Apul-Peve,0.2675266762223284
3,Apul-Ptuh,0.2958733258639048
3,Peve-Ptuh,0.2545621584313958
4,Apul-Peve,0.23405000796305145
4,Apul-Ptuh,0.2786655459507792
4,Peve-Ptuh,0.26437816059792657
5,Apul-Peve,0.2816690555820991
5,Apul-Ptuh,0.33277555508192747
5,Peve-Ptuh,0.2798790062877238
6,Apul-Peve,0.2573498964803313
6,Apul-Ptuh,0.30665566973346525
6,Peve-Ptuh,0.24551623160044797
7,Apul-Peve,0.2567128523650263
7,Apul-Ptuh,0.28486477762984763
7,Peve-Ptuh,0.2786074779411561
8,Apul-Peve,0.26599777034559646
8,Apul-Ptuh,0.29684375221331344
8,Peve-Ptuh,0.2829716787428201
9,Apul-Peve,0.23655040611562353
9,Apul-Ptuh,0.35102194992821045
9,Peve-Ptuh,0.2507151653056901
10,Apul-Peve,0.28458353240961937
10,Apul-Ptuh,0.2798816591171842
10,Peve-Ptuh,0.276990192853224
11,Apul-Peve,0.2285077241598981
11,Apul-Ptuh,0.3109920940323265
11,Peve-Ptuh,0.2759931551796171
12,Apul-Peve,0.264405160057334
12,Apul-Ptuh,0.3036620330451272
12,Peve-Ptuh,0.28028418666475996
13,Apul-Peve,0.2810320114667941
13,Apul-Ptuh,0.347555497989486
13,Peve-Ptuh,0.2525670785921198
14,Apul-Peve,0.28423315814620165
14,Apul-Ptuh,0.36331002555647285
14,Peve-Ptuh,0.29352497808290845
15,Apul-Peve,0.24032489249880554
15,Apul-Ptuh,0.33883132506531677
15,Peve-Ptuh,0.20626284940298148
16,Apul-Peve,0.23737856346552
16,Apul-Ptuh,0.32392224352992466
16,Peve-Ptuh,0.22583305104022425
17,Apul-Peve,0.25383022774327124
17,Apul-Ptuh,0.25700987592854246
17,Peve-Ptuh,0.28213224058695113
18,Apul-Peve,0.25919732441471577
18,Apul-Ptuh,0.3118002307823558
18,Peve-Ptuh,0.2795425014469312
19,Apul-Peve,0.2734034081860169
19,Apul-Ptuh,0.33591785135346924
19,Peve-Ptuh,0.24593605641438893
20,Apul-Peve,0.2666985188724319
20,Apul-Ptuh,0.34346680115976036
20,Peve-Ptuh,0.27310016517285923
21,Apul-Peve,0.2871794871794872
21,Apul-Ptuh,0.36556433012445916
21,Peve-Ptuh,0.24642566699264198
22,Apul-Peve,0.2586717630195891
22,Apul-Ptuh,0.34066845103086524
22,Peve-Ptuh,0.27080870730727
23,Apul-Peve,0.280315336837076
23,Apul-Ptuh,0.3270811730415452
23,Peve-Ptuh,0.2701181454486002
24,Apul-Peve,0.32226469182990924
24,Apul-Ptuh,0.3460137660468173
24,Peve-Ptuh,0.2747686264879534
25,Apul-Peve,0.25438764134416314
25,Apul-Ptuh,0.3274673568331882
25,Peve-Ptuh,0.23307284827557131
26,Apul-Peve,0.24180602006688962
26,Apul-Ptuh,0.31263955485753275
26,Peve-Ptuh,0.23484429646102908
27,Apul-Peve,0.29128842172320435
27,Apul-Ptuh,0.30843773659412344
27,Peve-Ptuh,0.23809076193762818
28,Apul-Peve,0.3182353878006052
28,Apul-Ptuh,0.3564698365913147
28,Peve-Ptuh,0.2836664700417512
29,Apul-Peve,0.24505494505494507
29,Apul-Ptuh,0.30568139309700126
29,Peve-Ptuh,0.2651767317872703
30,Apul-Peve,0.3183468705207836
30,Apul-Ptuh,0.3586122903203456
30,Peve-Ptuh,0.26487036170833966
31,Apul-Peve,0.28068163720337636
31,Apul-Ptuh,0.3524919510230396
31,Peve-Ptuh,0.24496735599053293
32,Apul-Peve,0.26231884057971017
32,Apul-Ptuh,0.35741743073848564
32,Peve-Ptuh,0.24522128101022297
33,Apul-Peve,0.280570154483198
33,Apul-Ptuh,0.3509917636776972
33,Peve-Ptuh,0.2709958600388342
34,Apul-Peve,0.31235865583691674
34,Apul-Ptuh,0.3189668855869298
34,Peve-Ptuh,0.2398863179325756
35,Apul-Peve,0.29663959229176623
35,Apul-Ptuh,0.3310568254433283
35,Peve-Ptuh,0.2974943077681733
36,Apul-Peve,0.261474757126931
36,Apul-Ptuh,0.3070643006986404
36,Peve-Ptuh,0.2418435442815126
37,Apul-Peve,0.33309444179009395
37,Apul-Ptuh,0.3289274626902853
37,Peve-Ptuh,0.24503767043487767
38,Apul-Peve,0.24129638477464566
38,Apul-Ptuh,0.3268426862613422
38,Peve-Ptuh,0.26739364576825336
39,Apul-Peve,0.24349418697244785
39,Apul-Ptuh,0.3203118293582039
39,Peve-Ptuh,0.27255213545099644
40,Apul-Peve,0.22783882783882783
40,Apul-Ptuh,0.3056691491841656
40,Peve-Ptuh,0.29158699568716046
41,Apul-Peve,0.22949514253862083
41,Apul-Ptuh,0.2954083651991111
41,Peve-Ptuh,0.27828302700510826
42,Apul-Peve,0.29119286510590864
42,Apul-Ptuh,0.308808981271992
42,Peve-Ptuh,0.28910463146177523
43,Apul-Peve,0.2726389552476509
43,Apul-Ptuh,0.3026766290790735
43,Peve-Ptuh,0.256982667092959
44,Apul-Peve,0.2779582736104475
44,Apul-Ptuh,0.3479961633429609
44,Peve-Ptuh,0.2632033806973369
45,Apul-Peve,0.2600095556617296
45,Apul-Ptuh,0.2951679532753805
45,Peve-Ptuh,0.25268978522770186
46,Apul-Peve,0.2452142060837713
46,Apul-Ptuh,0.3105753389614648
46,Peve-Ptuh,0.29024462421621533
47,Apul-Peve,0.25959547698678137
47,Apul-Ptuh,0.2938723701841548
47,Peve-Ptuh,0.2434429599843405
48,Apul-Peve,0.3180920528746616
48,Apul-Ptuh,0.3471388584272359
48,Peve-Ptuh,0.24459278618738828
49,Apul-Peve,0.2660774008600096
49,Apul-Ptuh,0.3393844188008054
49,Peve-Ptuh,0.27426341984873676
50,Apul-Peve,0.2507724159898073
50,Apul-Ptuh,0.3287357568978037
50,Peve-Ptuh,0.22958741942420668
51,Apul-Peve,0.216292403248925
51,Apul-Ptuh,0.2787387014048292
51,Peve-Ptuh,0.2683465915271359
52,Apul-Peve,0.2269151138716356
52,Apul-Ptuh,0.3317194598455392
52,Peve-Ptuh,0.2809809869478152
53,Apul-Peve,0.30745341614906835
53,Apul-Ptuh,0.31175144764536566
53,Peve-Ptuh,0.31445690088029193
54,Apul-Peve,0.26902372989329515
54,Apul-Ptuh,0.35411785024073633
54,Peve-Ptuh,0.2567042641877565
55,Apul-Peve,0.24599458512501993
55,Apul-Ptuh,0.34479857694930555
55,Peve-Ptuh,0.23292582235848658
56,Apul-Peve,0.24787386526516964
56,Apul-Ptuh,0.3262039621417445
56,Peve-Ptuh,0.26289759216644226
57,Apul-Peve,0.23897117375378246
57,Apul-Ptuh,0.3172186627494873
57,Peve-Ptuh,0.3037976011936538
58,Apul-Peve,0.23992673992673993
58,Apul-Ptuh,0.34473870498559617
58,Peve-Ptuh,0.22297347361153094
59,Apul-Peve,0.23487816531294795
59,Apul-Ptuh,0.3239976706533373
59,Peve-Ptuh,0.25859043594030307
60,Apul-Peve,0.2691352126134735
60,Apul-Ptuh,0.30468740592364935
60,Peve-Ptuh,0.2356097194123246
61,Apul-Peve,0.27748049052396884
61,Apul-Ptuh,0.3025759055697078
61,Peve-Ptuh,0.2752454958774192
62,Apul-Peve,0.2507724159898073
62,Apul-Ptuh,0.2998057780449278
62,Peve-Ptuh,0.2221738450621219
63,Apul-Peve,0.300637044115305
63,Apul-Ptuh,0.32368314070379284
63,Peve-Ptuh,0.2842782585755536
64,Apul-Peve,0.24172638955247652
64,Apul-Ptuh,0.28333756126937726
64,Peve-Ptuh,0.27877496377550504
65,Apul-Peve,0.2809046026437331
65,Apul-Ptuh,0.3544353834141839
65,Peve-Ptuh,0.20196774708158713
66,Apul-Peve,0.2886924669533365
66,Apul-Ptuh,0.34202032531883886
66,Peve-Ptuh,0.30253632923971985
67,Apul-Peve,0.2494027711419016
67,Apul-Ptuh,0.314934749474046
67,Peve-Ptuh,0.2524470153567011
68,Apul-Peve,0.2785953177257525
68,Apul-Ptuh,0.33419045856899576
68,Peve-Ptuh,0.2883552803834728
69,Apul-Peve,0.21775760471412645
69,Apul-Ptuh,0.30679066079762274
69,Peve-Ptuh,0.27785765105082433
70,Apul-Peve,0.2648829431438127
70,Apul-Ptuh,0.3364139223376695
70,Peve-Ptuh,0.25286943070280216
71,Apul-Peve,0.27103041885650586
71,Apul-Ptuh,0.26345048210310534
71,Peve-Ptuh,0.24037444820673717
72,Apul-Peve,0.23432075171205607
72,Apul-Ptuh,0.2856178552749866
72,Peve-Ptuh,0.20880595896412021
73,Apul-Peve,0.2278069756330626
73,Apul-Ptuh,0.2972316686341313
73,Peve-Ptuh,0.29792021240248995
74,Apul-Peve,0.232202580028667
74,Apul-Ptuh,0.2746405713718182
74,Peve-Ptuh,0.23347374634434281
75,Apul-Peve,0.31283643892339547
75,Apul-Ptuh,0.32556793322308547
75,Peve-Ptuh,0.279223125839197
76,Apul-Peve,0.26956521739130435
76,Apul-Ptuh,0.325914651572412
76,Peve-Ptuh,0.29659206242442354
77,Apul-Peve,0.26596591813983117
77,Apul-Ptuh,0.3403978913594919
77,Peve-Ptuh,0.3229498283970699
78,Apul-Peve,0.23197961458831023
78,Apul-Ptuh,0.336864174905912
78,Peve-Ptuh,0.23409277779459275
79,Apul-Peve,0.288246536072623
79,Apul-Ptuh,0.35723873891625085
79,Peve-Ptuh,0.2963664746544845
80,Apul-Peve,0.2706322662844402
80,Apul-Ptuh,0.29696118596849896
80,Peve-Ptuh,0.2773209350816606
81,Apul-Peve,0.2623984710941233
81,Apul-Ptuh,0.33875401130124705
81,Peve-Ptuh,0.2694262090218455
82,Apul-Peve,0.23964007007485272
82,Apul-Ptuh,0.33792685413316476
82,Peve-Ptuh,0.2543237766046662
83,Apul-Peve,0.3067845198279981
83,Apul-Ptuh,0.40398472752837233
83,Peve-Ptuh,0.2677957069330968
84,Apul-Peve,0.23002070393374743
84,Apul-Ptuh,0.3292024501917722
84,Peve-Ptuh,0.269568635422646
85,Apul-Peve,0.22193024366937414
85,Apul-Ptuh,0.33463890150232234
85,Peve-Ptuh,0.19365171590373953
86,Apul-Peve,0.2507405637840421
86,Apul-Ptuh,0.31527807957076387
86,Peve-Ptuh,0.22564484094859474
87,Apul-Peve,0.28437649307214524
87,Apul-Ptuh,0.2951184385838498
87,Peve-Ptuh,0.27739003356193015
88,Apul-Peve,0.2747730530339226
88,Apul-Ptuh,0.33633610803628256
88,Peve-Ptuh,0.2835335070135354
89,Apul-Peve,0.26090141742315653
89,Apul-Ptuh,0.3148189713422942
89,Peve-Ptuh,0.23459238042546318
90,Apul-Peve,0.24548494983277594
90,Apul-Ptuh,0.2855955236100661
90,Peve-Ptuh,0.2701033424076856
91,Apul-Peve,0.2999840738971174
91,Apul-Ptuh,0.32169931880143876
91,Peve-Ptuh,0.2585687600589637
92,Apul-Peve,0.2251473164516643
92,Apul-Ptuh,0.3399206867818625
92,Peve-Ptuh,0.28772969330081777
93,Apul-Peve,0.24056378404204493
93,Apul-Ptuh,0.3029846520434946
93,Peve-Ptuh,0.27920869287430516
94,Apul-Peve,0.22680363115145724
94,Apul-Ptuh,0.293267220567679
94,Peve-Ptuh,0.2099999299498957
95,Apul-Peve,0.2903806338588948
95,Apul-Ptuh,0.3365514160884129
95,Peve-Ptuh,0.31080705253876784
96,Apul-Peve,0.2914636088549132
96,Apul-Ptuh,0.3699349449723712
96,Peve-Ptuh,0.27938590642125516
97,Apul-Peve,0.29716515368689284
97,Apul-Ptuh,0.33381717323898796
97,Peve-Ptuh,0.30835677919136545
98,Apul-Peve,0.29405956362478103
98,Apul-Ptuh,0.3495151015862624
98,Peve-Ptuh,0.2747006382357524
99,Apul-Peve,0.25658544354196533
99,Apul-Ptuh,0.3493526579754009
99,Peve-Ptuh,0.2690513748786845
100,Apul-Peve,0.28729096989966557
100,Apul-Ptuh,0.2830734315773862
100,Peve-Ptuh,0.23985179512644245
