pair,group_id,rank_a,rank_b
Apul-Peve,OG_00714,0.4111111111111111,0
Apul-Peve,OG_00843,0.26666666666666666,0.7111111111111111
Apul-Peve,OG_01108,0.05555555555555555,0.03333333333333333
Apul-Peve,OG_01153,0.14444444444444443,0.9333333333333333
Apul-Peve,OG_01180,0.12222222222222222,0.16666666666666666
Apul-Peve,OG_01181,0.23333333333333334,0.1111111111111111
Apul-Peve,OG_01222,0.06666666666666667,0.8
Apul-Peve,OG_01324,0.1,0.5555555555555556
Apul-Peve,OG_01369,0.8888888888888888,0.9888888888888889
Apul-Peve,OG_01402,0.7222222222222222,0.23333333333333334
Apul-Peve,OG_01406,0.8666666666666667,0.7555555555555555
Apul-Peve,OG_01409,0.5666666666666667,0.7666666666666667
Apul-Peve,OG_00148,0.6444444444444445,0.8111111111111111
Apul-Peve,OG_00355,0.37777777777777777,0.6333333333333333
Apul-Peve,OG_00480,0.7333333333333333,0.2111111111111111
Apul-Peve,OG_00625,0.7777777777777778,0.15555555555555556
Apul-Peve,OG_01414,0.45555555555555555,0.7
Apul-Peve,OG_01420,0.9222222222222223,0.25555555555555554
Apul-Peve,OG_01593,0.6222222222222222,0.28888888888888886
Apul-Peve,OG_01643,0.044444444444444446,0.05555555555555555
Apul-Peve,OG_01828,0.9111111111111111,0.06666666666666667
Apul-Peve,OG_01934,0.3,0.5111111111111111
Apul-Peve,OG_02000,0.6,0.4444444444444444
Apul-Peve,OG_02154,0.9333333333333333,0.5777777777777777
Apul-Peve,OG_02156,0.36666666666666664,1
Apul-Peve,OG_02314,0.17777777777777778,0.13333333333333333
Apul-Peve,OG_02320,0.8222222222222222,0.6111111111111112
Apul-Peve,OG_02738,0.8111111111111111,0.8777777777777778
Apul-Peve,OG_02759,0.6888888888888889,0.3111111111111111
Apul-Peve,OG_02943,0.28888888888888886,0.6222222222222222
Apul-Peve,OG_02997,0.34444444444444444,0.7888888888888889
Apul-Peve,OG_03158,0.7888888888888889,0.9555555555555556
Apul-Peve,OG_03197,0.9777777777777777,0.2777777777777778
Apul-Peve,OG_03251,0.6666666666666666,0.2
Apul-Peve,OG_03399,0.5333333333333333,0.5666666666666667
Apul-Peve,OG_03847,0.5111111111111111,0.37777777777777777
Apul-Peve,OG_04102,0.5444444444444444,0.6555555555555556
Apul-Peve,OG_04172,0.43333333333333335,0.7444444444444445
Apul-Peve,OG_04218,0.4222222222222222,0.9444444444444444
Apul-Peve,OG_04297,0.7555555555555555,0.4222222222222222
Apul-Peve,OG_04325,0.8777777777777778,0.7222222222222222
Apul-Peve,OG_04358,0.18888888888888888,0.34444444444444444
Apul-Peve,OG_04547,0.7444444444444445,0.8333333333333334
Apul-Peve,OG_04560,0.7666666666666667,0.8666666666666667
Apul-Peve,OG_04575,0.08888888888888889,0.7777777777777778
Apul-Peve,OG_04702,0.2222222222222222,0.1
Apul-Peve,OG_04880,0.15555555555555556,0.6777777777777778
Apul-Peve,OG_04906,0.9888888888888889,0.9222222222222223
Apul-Peve,OG_04967,0.2111111111111111,0.12222222222222222
Apul-Peve,OG_05016,0.8,0.6888888888888889
Apul-Peve,OG_05026,0.8333333333333334,0.8222222222222222
Apul-Peve,OG_05027,0.5555555555555556,0.17777777777777778
Apul-Peve,OG_05120,0.6333333333333333,0.4777777777777778
Apul-Peve,OG_05177,0.3111111111111111,0.4111111111111111
Apul-Peve,OG_05183,0.011111111111111112,0.6444444444444445
Apul-Peve,OG_05267,0.8555555555555555,0.36666666666666664
Apul-Peve,OG_05317,0.13333333333333333,0.8555555555555555
Apul-Peve,OG_05322,0.5777777777777777,0.08888888888888889
Apul-Peve,OG_05514,0.35555555555555557,0.8444444444444444
Apul-Peve,OG_05568,0.022222222222222223,0.07777777777777778
Apul-Peve,OG_05654,0.16666666666666666,0.3
Apul-Peve,OG_05713,0.2,0.4666666666666667
Apul-Peve,OG_05874,0.7111111111111111,0.9
Apul-Peve,OG_06007,0.25555555555555554,0.32222222222222224
Apul-Peve,OG_06677,0.4888888888888889,0.044444444444444446
Apul-Peve,OG_06700,0.9666666666666667,0.9777777777777777
Apul-Peve,OG_06805,0.5222222222222223,0.6666666666666666
Apul-Peve,OG_06930,0.9,0.4888888888888889
Apul-Peve,OG_07071,0.4777777777777778,0.3888888888888889
Apul-Peve,OG_07288,0.9444444444444444,0.8888888888888888
Apul-Peve,OG_07297,0.6111111111111112,0.5333333333333333
Apul-Peve,OG_07404,0.3333333333333333,0.7333333333333333
Apul-Peve,OG_07575,0.2777777777777778,0.14444444444444443
Apul-Peve,OG_07629,0.7,0.18888888888888888
Apul-Peve,OG_07649,0.32222222222222224,0.45555555555555555
Apul-Peve,OG_07874,0.5,0.4
Apul-Peve,OG_08249,0.8444444444444444,0.9111111111111111
Apul-Peve,OG_08284,0,0.2222222222222222
Apul-Peve,OG_08345,0.07777777777777778,0.43333333333333335
Apul-Peve,OG_08414,0.1111111111111111,0.011111111111111112
Apul-Peve,OG_08475,0.24444444444444444,0.26666666666666666
Apul-Peve,OG_08878,0.6777777777777778,0.5222222222222223
Apul-Peve,OG_08927,0.03333333333333333,0.3333333333333333
Apul-Peve,OG_09113,0.4666666666666667,0.6
Apul-Peve,OG_09253,0.3888888888888889,0.24444444444444444
Apul-Peve,OG_09401,1,0.9666666666666667
Apul-Peve,OG_09486,0.6555555555555556,0.5444444444444444
Apul-Peve,OG_09626,0.5888888888888889,0.022222222222222223
Apul-Peve,OG_09667,0.9555555555555556,0.5
Apul-Peve,OG_10077,0.4444444444444444,0.5888888888888889
Apul-Peve,OG_10190,0.4,0.35555555555555557
Apul-Ptuh,OG_00714,0.38404726735598227,0.0723781388478582
Apul-Ptuh,OG_00746,0.604135893648449,0.21565731166912852
Apul-Ptuh,OG_00747,0.1358936484490399,0.39586410635155095
Apul-Ptuh,OG_00761,0.6824224519940916,0.6307237813884786
Apul-Ptuh,OG_00770,0.620384047267356,0.9054652880354506
Apul-Ptuh,OG_00776,0.7326440177252584,0.5878877400295421
Apul-Ptuh,OG_00780,0.5420974889217134,0.9763663220088626
Apul-Ptuh,OG_00785,0.5273264401772526,0.1137370753323486
Apul-Ptuh,OG_00802,0.4918759231905465,0.28064992614475626
Apul-Ptuh,OG_00799,0.654357459379616,0.6971935007385525
Apul-Ptuh,OG_00834,0.03692762186115214,0.16986706056129985
Apul-Ptuh,OG_00843,0.27326440177252587,0.19054652880354506
Apul-Ptuh,OG_00862,0.04874446085672083,0.03840472673559823
Apul-Ptuh,OG_00872,0.7695716395864106,0.3604135893648449
Apul-Ptuh,OG_00878,0.8050221565731167,0.29246676514032494
Apul-Ptuh,OG_00880,0.3515509601181684,0.1964549483013294
Apul-Ptuh,OG_00931,0.7031019202363368,0.6824224519940916
Apul-Ptuh,OG_00932,0.7488921713441654,0.9852289512555391
Apul-Ptuh,OG_00984,0.051698670605613,0.18759231905465287
Apul-Ptuh,OG_01002,0.5923190546528804,0.9364844903988183
Apul-Ptuh,OG_01033,0.5819793205317577,0.6602658788774003
Apul-Ptuh,OG_01038,0.9985228951255539,0.9542097488921714
Apul-Ptuh,OG_01062,0.36336779911373707,0.15952732644017725
Apul-Ptuh,OG_01080,0.17872968980797638,0.6469719350073855
Apul-Ptuh,OG_01086,0.10487444608567208,0.983751846381093
Apul-Ptuh,OG_01095,0.4711964549483013,0.1240768094534712
Apul-Ptuh,OG_01099,0.8257016248153619,0.7326440177252584
Apul-Ptuh,OG_01108,0.04283604135893648,0.03692762186115214
Apul-Ptuh,OG_01129,0.621861152141802,0.30280649926144754
Apul-Ptuh,OG_01143,0.07828655834564253,0.21418020679468242
Apul-Ptuh,OG_01145,0.8980797636632201,0.794682422451994
Apul-Ptuh,OG_01144,0.0103397341211226,0.9586410635155096
Apul-Ptuh,OG_01171,0.25406203840472674,0.9807976366322009
Apul-Ptuh,OG_01153,0.14180206794682423,0.9335302806499262
Apul-Ptuh,OG_01177,0.1137370753323486,0.0827178729689808
Apul-Ptuh,OG_01180,0.1240768094534712,0.12703101920236337
Apul-Ptuh,OG_01181,0.2555391432791728,0.13884785819793205
Apul-Ptuh,OG_01186,0.7607090103397341,0.9512555391432792
Apul-Ptuh,OG_01203,0.5332348596750369,0.5140324963072378
Apul-Ptuh,OG_01242,0.30428360413589367,0.39438700147710487
Apul-Ptuh,OG_01222,0.06646971935007386,0.7104874446085672
Apul-Ptuh,OG_01223,0.19793205317577547,0.14771048744460857
Apul-Ptuh,OG_01279,0.43131462333825704,0.2555391432791728
Apul-Ptuh,OG_01285,0.16100443131462333,0.8936484490398818
Apul-Ptuh,OG_01316,0.6484490398818316,0.5228951255539144
Apul-Ptuh,OG_01324,0.11078286558345643,0.17872968980797638
Apul-Ptuh,OG_01369,0.8463810930576071,0.19202363367799113
Apul-Ptuh,OG_01380,0.48301329394387,0.46824224519940916
Apul-Ptuh,OG_01393,0.6070901033973413,0.4401772525849335
Apul-Ptuh,OG_01402,0.6750369276218612,0.5672082717872969
Apul-Ptuh,OG_01403,0.4460856720827179,0.4948301329394387
Apul-Ptuh,OG_01406,0.8301329394387001,0.35745937961595275
Apul-Ptuh,OG_01408,0.4519940915805022,0.48301329394387
Apul-Ptuh,OG_01409,0.5022156573116692,0.3308714918759232
Apul-Ptuh,OG_00012,0.7474150664697193,0.9423929098966026
Apul-Ptuh,OG_00038,0.8670605612998523,0.8567208271787297
Apul-Ptuh,OG_00073,0.4032496307237814,0.654357459379616
Apul-Ptuh,OG_00092,0.6336779911373708,0.34711964549483015
Apul-Ptuh,OG_00110,0.5553914327917282,0.38847858197932056
Apul-Ptuh,OG_00113,0.44756277695716395,0.46971935007385524
Apul-Ptuh,OG_00130,0.5391432791728212,0.8670605612998523
Apul-Ptuh,OG_00144,0.22895125553914328,0.6440177252584933
Apul-Ptuh,OG_00148,0.5834564254062038,0.16248153618906944
Apul-Ptuh,OG_00149,0.4549483013293944,0.008862629246676515
Apul-Ptuh,OG_00154,0.4505169867060561,0.37961595273264404
Apul-Ptuh,OG_00160,0.0930576070901034,0.5568685376661743
Apul-Ptuh,OG_00185,0,0.2688330871491876
Apul-Ptuh,OG_00187,0.026587887740029542,0.019202363367799114
Apul-Ptuh,OG_00210,0.09601181683899557,0.7503692762186115
Apul-Ptuh,OG_00273,0.5376661742983752,0.5110782865583456
Apul-Ptuh,OG_00286,0.9453471196454948,0.48892171344165436
Apul-Ptuh,OG_00298,0.06942392909896603,0.32348596750369274
Apul-Ptuh,OG_00316,0.025110782865583457,0.051698670605613
Apul-Ptuh,OG_00340,0.1344165435745938,0.12998522895125553
Apul-Ptuh,OG_00355,0.3707533234859675,0.8286558345642541
Apul-Ptuh,OG_00349,0.5952732644017725,0.20974889217134415
Apul-Ptuh,OG_00365,0.023633677991137372,0.04283604135893648
Apul-Ptuh,OG_00386,0.8493353028064993,0.7769571639586411
Apul-Ptuh,OG_00412,0.9571639586410635,0.8641063515509602
Apul-Ptuh,OG_00415,0.9113737075332349,0.8626292466765141
Apul-Ptuh,OG_00450,0.1536189069423929,0.24963072378138848
Apul-Ptuh,OG_00480,0.6779911373707533,0.32644017725258495
Apul-Ptuh,OG_00520,0.8389955686853766,0.7031019202363368
Apul-Ptuh,OG_00527,0.48005908419497784,0.5258493353028065
Apul-Ptuh,OG_00530,0.33234859675036926,0.5612998522895125
Apul-Ptuh,OG_00568,0.7134416543574594,0.4446085672082718
Apul-Ptuh,OG_00587,0.06499261447562776,0.005908419497784343
Apul-Ptuh,OG_00595,0.96602658788774,0.843426883308715
Apul-Ptuh,OG_00599,0.518463810930576,0.9394387001477105
Apul-Ptuh,OG_00610,0.22304283604135894,0.16838995568685378
Apul-Ptuh,OG_00611,0.8611521418020679,0.40029542097488924
Apul-Ptuh,OG_00625,0.7016248153618907,0.9689807976366323
Apul-Ptuh,OG_00656,0.1861152141802068,0.6646971935007385
Apul-Ptuh,OG_00666,0.005908419497784343,0.0413589364844904
Apul-Ptuh,OG_00672,0.1831610044313146,0.24076809453471196
Apul-Ptuh,OG_00679,0.413589364844904,0.20531757754800592
Apul-Ptuh,OG_00680,0.8567208271787297,0.7518463810930576
Apul-Ptuh,OG_00681,0.8759231905465288,0.8508124076809453
Apul-Ptuh,OG_01414,0.40029542097488924,0.08862629246676514
Apul-Ptuh,OG_01411,0.3308714918759232,0.9881831610044313
Apul-Ptuh,OG_01419,0.7282127031019202,0.9970457902511078
Apul-Ptuh,OG_01420,0.8906942392909897,0.8050221565731167
Apul-Ptuh,OG_01444,0.29394387001477107,0.9867060561299852
Apul-Ptuh,OG_01447,0.5716395864106352,0.691285081240768
Apul-Ptuh,OG_01477,0.6026587887740029,0.6632200886262924
Apul-Ptuh,OG_01511,0.5642540620384048,0.7740029542097489
Apul-Ptuh,OG_01537,0.19202363367799113,0.20827178729689808
Apul-Ptuh,OG_01567,0.29246676514032494,0.670605612998523
Apul-Ptuh,OG_01593,0.5745937961595273,0.4608567208271787
Apul-Ptuh,OG_01652,0.2821270310192024,0.060561299852289516
Apul-Ptuh,OG_01670,0.7341211225997046,0.4091580502215657
Apul-Ptuh,OG_01675,0.7149187592319055,0.5967503692762186
Apul-Ptuh,OG_01687,0.72525849335302806,0.7060561299852289
Apul-Ptuh,OG_01701,0.40620384047267355,0.29394387001477107
Apul-Ptuh,OG_01757,0.3663220088626292,0.4327917282127031
Apul-Ptuh,OG_01802,0.7961595273264401,0.9276218611521418
Apul-Ptuh,OG_01812,0.3929098966026588,0.11225997045790251
Apul-Ptuh,OG_01817,0.9394387001477105,0.6957163958641064
Apul-Ptuh,OG_01816,0.8227474150664698,0.49926144756277696
Apul-Ptuh,OG_01828,0.8818316100443131,0.36336779911373707
Apul-Ptuh,OG_01838,0.844903988183161,0.33825701624815363
Apul-Ptuh,OG_01839,0.34268833087149186,0.2865583456425406
Apul-Ptuh,OG_01858,0.33677991137370755,0.013293943870014771
Apul-Ptuh,OG_01878,0.14032496307237813,0.3810930576070901
Apul-Ptuh,OG_01881,0.9039881831610044,0.672082717872969
Apul-Ptuh,OG_01884,0.6322008862629247,0.7843426883308715
Apul-Ptuh,OG_01896,0.32644017725258495,0.6144756277695717
Apul-Ptuh,OG_01924,0.2274741506646972,0.38552437223042835
Apul-Ptuh,OG_01934,0.2880354505169867,0.32791728212703103
Apul-Ptuh,OG_01949,0.4150664697193501,0.07680945347119646
Apul-Ptuh,OG_02000,0.5612998522895125,0.03988183161004431
Apul-Ptuh,OG_01985,0.7104874446085672,0.43870014771048743
Apul-Ptuh,OG_02041,0.7429837518463811,0.5051698670605613
Apul-Ptuh,OG_02061,0.7976366322008862,0.9453471196454948
Apul-Ptuh,OG_02068,0.30132939438700146,0.5243722304283605
Apul-Ptuh,OG_02094,0.40472673559822747,0.33234859675036926
Apul-Ptuh,OG_02103,0.2038404726735598,0.23929098966026588
Apul-Ptuh,OG_02144,0.48892171344165436,0.9320531757754801
Apul-Ptuh,OG_02154,0.9246676514032496,0.8744460856720827
Apul-Ptuh,OG_02156,0.3604135893648449,0.6454948301329394
Apul-Ptuh,OG_02158,0.0413589364844904,0.8375184638109305
Apul-Ptuh,OG_02163,0.5110782865583456,0.14180206794682423
Apul-Ptuh,OG_02161,0.9364844903988183,0.6735598227474151
Apul-Ptuh,OG_02179,0.7828655834564254,0.8581979320531757
Apul-Ptuh,OG_02173,0.914327917282127,0.5332348596750369
Apul-Ptuh,OG_02176,0.4741506646971935,0.12850812407680945
Apul-Ptuh,OG_02189,0.8508124076809453,0.6100443131462334
Apul-Ptuh,OG_02190,0.9172821270310192,0.4534711964549483
Apul-Ptuh,OG_02235,0.7459379615952733,0.7016248153618907
Apul-Ptuh,OG_02225,0.5051698670605613,0.6395864106351551
Apul-Ptuh,OG_02260,0.09896602658788774,0.15066469719350073
Apul-Ptuh,OG_02288,0.03988183161004431,0.3412112259970458
Apul-Ptuh,OG_02294,0.05465288035450517,0.05760709010339734
Apul-Ptuh,OG_02314,0.18020679468242246,0.6676514032496307
Apul-Ptuh,OG_02317,0.056129985228951254,0.21861152141802068
Apul-Ptuh,OG_02320,0.757754800590842,0.5864106351550961
Apul-Ptuh,OG_02345,0.022156573116691284,0.3988183161004431
Apul-Ptuh,OG_02358,0.09748892171344166,0.0310192023633678
Apul-Ptuh,OG_02403,0.4239290989660266,0.8197932053175776
Apul-Ptuh,OG_02443,0.843426883308715,0.7680945347119645
Apul-Ptuh,OG_02451,0.827178729689808,0.5007385524372231
Apul-Ptuh,OG_02485,0.6011816838995568,0.4711964549483013
Apul-Ptuh,OG_02493,0.5081240768094535,0.3663220088626292
Apul-Ptuh,OG_02506,0.4933530280649926,0.5834564254062038
Apul-Ptuh,OG_02607,0.9098966026587888,0.9778434268833087
Apul-Ptuh,OG_02664,0.19497784342688332,0.4933530280649926
Apul-Ptuh,OG_02674,0.7060561299852289,0.6750369276218612
Apul-Ptuh,OG_02670,0.2998522895125554,0.10044313146233383
Apul-Ptuh,OG_02689,0.5450516986706057,0.4342688330871492
Apul-Ptuh,OG_02712,0.10930576070901034,0.6070901033973413
Apul-Ptuh,OG_02714,0.5997045790251108,0.7784342688330872
Apul-Ptuh,OG_02726,0.5096011816838996,0.07533234859675036
Apul-Ptuh,OG_02738,0.7562776957163959,0.5273264401772526
Apul-Ptuh,OG_02735,0.8138847858197932,0.8788774002954209
Apul-Ptuh,OG_02740,0.44165435745937964,0.5731166912850812
Apul-Ptuh,OG_02742,0.11816838995568685,0.6425406203840472
Apul-Ptuh,OG_02747,0.9158050221565731,0.2880354505169867
Apul-Ptuh,OG_02754,0.5140324963072378,0.16100443131462333
Apul-Ptuh,OG_02751,0.8626292466765141,0.7149187592319055
Apul-Ptuh,OG_02752,0.7090103397341211,0.8862629246676514
Apul-Ptuh,OG_02759,0.6499261447562777,0.29098966026587886
Apul-Ptuh,OG_02773,0.20236336779911374,0.0915805022156573
Apul-Ptuh,OG_02775,0.11521418020679468,0.23190546528803546
Apul-Ptuh,OG_02795,0.172821270310192,0.31462333825701627
Apul-Ptuh,OG_02818,0.6691285081240768,0.9379615952732644
Apul-Ptuh,OG_02825,0.5066469719350074,0.17134416543574593
Apul-Ptuh,OG_02839,0.8581979320531757,0.9675036927621861
Apul-Ptuh,OG_02846,0.20531757754800592,0.757754800590842
Apul-Ptuh,OG_02853,0.3870014771048744,0.09748892171344166
Apul-Ptuh,OG_02883,0.4342688330871492,0.465288035450517
Apul-Ptuh,OG_02886,0.20088626292466766,0.14918759231905465
Apul-Ptuh,OG_02903,0.1255539143279173,0.3559822747415066
Apul-Ptuh,OG_02912,0.5672082717872969,0.04874446085672083
Apul-Ptuh,OG_02932,0.9054652880354506,0.8493353028064993
Apul-Ptuh,OG_02943,0.276218611521418,0.0930576070901034
Apul-Ptuh,OG_02997,0.3190546528803545,0.3500738552437223
Apul-Ptuh,OG_03023,0.15066469719350073,0.3397341211225997
Apul-Ptuh,OG_03040,0.4948301329394387,0.43131462333825704
Apul-Ptuh,OG_03038,0.2865583456425406,0.6262924667651403
Apul-Ptuh,OG_03047,0.6410635155096012,0.45790251107828656
Apul-Ptuh,OG_03049,0.7533234859675036,0.6159527326440177
Apul-Ptuh,OG_03070,0.08419497784342689,0.059084194977843424
Apul-Ptuh,OG_03134,0.6602658788774003,0.014771048744460856
Apul-Ptuh,OG_03158,0.7178729689807977,0.6868537666174298
Apul-Ptuh,OG_03172,0.6868537666174298,0.15805022156573117
Apul-Ptuh,OG_03173,0.24963072378138848,0.5406203840472673
Apul-Ptuh,OG_03181,0.896602658788774,0.9955686853766618
Apul-Ptuh,OG_03196,0.880354505169867,0.8552437223042836
Apul-Ptuh,OG_03197,0.9807976366322009,0.6233382570162481
Apul-Ptuh,OG_03217,0.6838995568685377,0.8035450516986706
Apul-Ptuh,OG_03220,0.32200886262924666,0.23485967503692762
Apul-Ptuh,OG_03235,0.6587887740029542,0.22304283604135894
Apul-Ptuh,OG_03242,0.6558345642540621,0.7607090103397341
Apul-Ptuh,OG_03251,0.6129985228951256,0.4017725258493353
Apul-Ptuh,OG_03256,0.9675036927621861,0.9098966026587888
Apul-Ptuh,OG_03257,0.5480059084194978,0.4564254062038405
Apul-Ptuh,OG_03307,0.36927621861152143,0.4121122599704579
Apul-Ptuh,OG_03356,0.6794682422451994,0.19940915805022155
Apul-Ptuh,OG_03391,0.31166912850812406,0.4977843426883309
Apul-Ptuh,OG_03397,0.23190546528803546,0.6115214180206795
Apul-Ptuh,OG_03399,0.465288035450517,0.2658788774002954
Apul-Ptuh,OG_03415,0.20974889217134415,0.6986706056129985
Apul-Ptuh,OG_03634,0.7311669128508124,0.4239290989660266
Apul-Ptuh,OG_03635,0.8641063515509602,0.8094534711964549
Apul-Ptuh,OG_03650,0.5908419497784343,0.2570162481536189
Apul-Ptuh,OG_03656,0.155096011816839,0.8818316100443131
Apul-Ptuh,OG_03678,0.6262924667651403,0.4815361890694239
Apul-Ptuh,OG_03683,0.2466765140324963,0.0620384047267356
Apul-Ptuh,OG_03689,0.9350073855243722,0.9748892171344166
Apul-Ptuh,OG_03690,0.9010339734121122,0.6942392909896603
Apul-Ptuh,OG_03699,0.9940915805022157,0.7370753323485968
Apul-Ptuh,OG_03704,0.9911373707533235,0.880354505169867
Apul-Ptuh,OG_03729,0.18906942392909898,0.09453471196454949
Apul-Ptuh,OG_03728,0.42688330871491875,0.3929098966026588
Apul-Ptuh,OG_03760,0.7651403249630724,0.8419497784342689
Apul-Ptuh,OG_03780,0.46971935007385524,0.10930576070901034
Apul-Ptuh,OG_03833,0.5982274741506647,0.8995568685376661
Apul-Ptuh,OG_03836,0.9542097488921714,0.5760709010339734
Apul-Ptuh,OG_03842,0.9852289512555391,0.5923190546528804
Apul-Ptuh,OG_03845,0.08862629246676514,0.7119645494830132
Apul-Ptuh,OG_03862,0.08124076809453472,0.3707533234859675
Apul-Ptuh,OG_03847,0.4431314623338257,0.5598227474150664
Apul-Ptuh,OG_03878,0.3559822747415066,0.6809453471196455
Apul-Ptuh,OG_03884,0.7799113737075333,0.20088626292466766
Apul-Ptuh,OG_03904,0.5775480059084195,0.9630723781388478
Apul-Ptuh,OG_03918,0.5583456425406204,0.9615952732644018
Apul-Ptuh,OG_03937,0.24076809453471196,0.1255539143279173
Apul-Ptuh,OG_03959,0.5228951255539144,0.5805022156573116
Apul-Ptuh,OG_03961,0.7267355982274741,0.707533234859675
Apul-Ptuh,OG_04013,0.1019202363367799,0.5480059084194978
Apul-Ptuh,OG_04016,0.8316100443131462,0.9527326440177253
Apul-Ptuh,OG_04049,0.12703101920236337,0.033973412112259974
Apul-Ptuh,OG_04050,0.060561299852289516,0.3353028064992615
Apul-Ptuh,OG_04094,0.13884785819793205,0.3249630723781389
Apul-Ptuh,OG_04102,0.4874446085672083,0.7296898079763663
Apul-Ptuh,OG_04133,0.4534711964549483,0.2038404726735598
Apul-Ptuh,OG_04144,0.8124076809453471,0.8360413589364845
Apul-Ptuh,OG_04149,0.6942392909896603,0.09896602658788774
Apul-Ptuh,OG_04169,0.0206794682422452,0.2259970457902511
Apul-Ptuh,OG_04172,0.39438700147710487,0.413589364844904
Apul-Ptuh,OG_04198,0.5864106351550961,0.9940915805022157
Apul-Ptuh,OG_04199,0.34711964549483015,0.5199409158050221
Apul-Ptuh,OG_04202,0.568685376661743,0.7311669128508124
Apul-Ptuh,OG_04218,0.3914327917282127,0.6366322008862629
Apul-Ptuh,OG_04223,0.38995568685376664,0.28508124076809455
Apul-Ptuh,OG_04232,0.7813884785819794,0.896602658788774
Apul-Ptuh,OG_04234,0.9335302806499262,0.6927621861152142
Apul-Ptuh,OG_04238,0.5435745937961596,0.23042836041358936
Apul-Ptuh,OG_04241,0.9261447562776958,0.4519940915805022
Apul-Ptuh,OG_04245,0.2378138847858198,0.2673559822747415
Apul-Ptuh,OG_04297,0.6986706056129985,0.07976366322008863
Apul-Ptuh,OG_04302,0.45790251107828656,0.2821270310192024
Apul-Ptuh,OG_04310,0.21270310192023634,0.22156573116691286
Apul-Ptuh,OG_04311,0.32348596750369274,0.5066469719350074
Apul-Ptuh,OG_04325,0.8330871491875923,0.6056129985228951
Apul-Ptuh,OG_04341,0.047267355982274745,0.10487444608567208
Apul-Ptuh,OG_04349,0.3500738552437223,0.03545051698670606
Apul-Ptuh,OG_04358,0.1964549483013294,0.38404726735598227
Apul-Ptuh,OG_04359,0.9217134416543574,0.44756277695716395
Apul-Ptuh,OG_04371,0.17429837518463812,0.004431314623338257
Apul-Ptuh,OG_04388,0.04579025110782865,0.35302806499261447
Apul-Ptuh,OG_04395,0.41063515509601184,0.8227474150664698
Apul-Ptuh,OG_04401,0.4076809453471196,0.9158050221565731
Apul-Ptuh,OG_04425,0.050221565731166914,0.34268833087149186
Apul-Ptuh,OG_04426,0.08567208271787297,0.2791728212703102
Apul-Ptuh,OG_04454,0.5125553914327917,0.3870014771048744
Apul-Ptuh,OG_04464,0.6395864106351551,0.7193500738552437
Apul-Ptuh,OG_04468,0.9409158050221565,0.5361890694239291
Apul-Ptuh,OG_04470,0.6233382570162481,0.1536189069423929
Apul-Ptuh,OG_04477,0.8951255539143279,0.8404726735598228
Apul-Ptuh,OG_04487,0.5731166912850812,0.4726735598227474
Apul-Ptuh,OG_04499,0.01772525849335303,0.053175775480059084
Apul-Ptuh,OG_04500,0.4564254062038405,0.7208271787296898
Apul-Ptuh,OG_04508,0.24224519940915806,0.029542097488921712
Apul-Ptuh,OG_04515,0.35893648449039883,0.1432791728212703
Apul-Ptuh,OG_04543,0.707533234859675,0.638109305760709
Apul-Ptuh,OG_04547,0.6971935007385525,0.8537666174298375
Apul-Ptuh,OG_04563,0.25258493353028066,0.13737075332348597
Apul-Ptuh,OG_04560,0.7001477104874446,0.8153618906942393
Apul-Ptuh,OG_04575,0.10044313146233383,0.2363367799113737
Apul-Ptuh,OG_04578,0.7843426883308715,0.7917282127031019
Apul-Ptuh,OG_04598,0.4859675036927622,0.1757754800590842
Apul-Ptuh,OG_04597,0.6883308714918759,0.8774002954209749
Apul-Ptuh,OG_04624,0.21122599704579026,0.05465288035450517
Apul-Ptuh,OG_04625,0.25997045790251105,0.55096011816839
Apul-Ptuh,OG_04629,0.5465288035450517,0.30576070901033975
Apul-Ptuh,OG_04662,0.011816838995568686,0.7223042836041359
Apul-Ptuh,OG_04702,0.2259970457902511,0.4505169867060561
Apul-Ptuh,OG_04708,0.8478581979320532,0.4431314623338257
Apul-Ptuh,OG_04712,0.9527326440177253,0.8980797636632201
Apul-Ptuh,OG_04724,0.8197932053175776,0.6661742983751846
Apul-Ptuh,OG_04731,0.6174298375184638,0.6484490398818316
Apul-Ptuh,OG_04734,0.8700147710487445,0.9084194977843427
Apul-Ptuh,OG_04746,0.9926144756277696,0.5997045790251108
Apul-Ptuh,OG_04759,0.5155096011816839,0.5745937961595273
Apul-Ptuh,OG_04776,0.5598227474150664,0.4756277695716396
Apul-Ptuh,OG_04780,0.37961595273264404,0.23338257016248154
Apul-Ptuh,OG_04798,0.8995568685376661,0.21122599704579026
Apul-Ptuh,OG_04800,0.794682422451994,0.4298375184638109
Apul-Ptuh,OG_04810,0.9497784342688331,0.8168389955686853
Apul-Ptuh,OG_04880,0.16248153618906944,0.7799113737075333
Apul-Ptuh,OG_04899,0.22008862629246675,0.42097488921713444
Apul-Ptuh,OG_04906,0.9881831610044313,0.5893648449039882
Apul-Ptuh,OG_04933,0.15214180206794684,0.1329394387001477
Apul-Ptuh,OG_04953,0.7917282127031019,0.5982274741506647
Apul-Ptuh,OG_04967,0.22451994091580502,0.18168389955686853
Apul-Ptuh,OG_05005,0.6676514032496307,0.31610044313146235
Apul-Ptuh,OG_05006,0.3293943870014771,0.42836041358936483
Apul-Ptuh,OG_05016,0.7444608567208272,0.35893648449039883
Apul-Ptuh,OG_05026,0.7740029542097489,0.7001477104874446
Apul-Ptuh,OG_05027,0.4977843426883309,0.11964549483013294
Apul-Ptuh,OG_05040,0.7666174298375185,0.3914327917282127
Apul-Ptuh,OG_05065,0.32791728212703103,0.827178729689808
Apul-Ptuh,OG_05084,0.18463810930576072,0.1831610044313146
Apul-Ptuh,OG_05116,0.1935007385524372,0.48005908419497784
Apul-Ptuh,OG_05159,0.741506646971935,0.7902511078286558
Apul-Ptuh,OG_05167,0.9896602658788775,0.8833087149187593
Apul-Ptuh,OG_05177,0.3087149187592319,0.36484490398818314
Apul-Ptuh,OG_05183,0.0310192023633678,0.21270310192023634
Apul-Ptuh,OG_05203,0.2791728212703102,0.7872968980797637
Apul-Ptuh,OG_05243,0.8862629246676514,0.9719350073855244
Apul-Ptuh,OG_05246,0.6957163958641064,0.26292466765140327
Apul-Ptuh,OG_05255,0.8375184638109305,0.7134416543574594
Apul-Ptuh,OG_05257,0.8094534711964549,0.6573116691285081
Apul-Ptuh,OG_05258,0.18759231905465287,0.4150664697193501
Apul-Ptuh,OG_05262,0.7872968980797637,0.4357459379615953
Apul-Ptuh,OG_05263,0.31314623338257014,0.022156573116691284
Apul-Ptuh,OG_05265,0.8877400295420975,0.9039881831610044
Apul-Ptuh,OG_05266,0.9084194977843427,0.518463810930576
Apul-Ptuh,OG_05267,0.810930576070901,0.345642540620384
Apul-Ptuh,OG_05269,0.8360413589364845,0.33677991137370755
Apul-Ptuh,OG_05275,0.9748892171344166,0.930576070901034
Apul-Ptuh,OG_05319,0.16986706056129985,0.07385524372230429
Apul-Ptuh,OG_05317,0.12850812407680945,0.7341211225997046
Apul-Ptuh,OG_05322,0.5302806499261448,0.8877400295420975
Apul-Ptuh,OG_05323,0.14918759231905465,0.09010339734121123
Apul-Ptuh,OG_05327,0.670605612998523,0.11078286558345643
Apul-Ptuh,OG_05334,0.28064992614475626,0.914327917282127
Apul-Ptuh,OG_05387,0.30280649926144754,0.9926144756277696
Apul-Ptuh,OG_05388,0.7769571639586411,0.3293943870014771
Apul-Ptuh,OG_05389,0.7355982274741507,0.946824224519941
Apul-Ptuh,OG_05438,0.5657311669128509,0.29542097488921715
Apul-Ptuh,OG_05418,0.06351550960118169,0.24372230428360414
Apul-Ptuh,OG_05453,0.6351550960118169,0.30132939438700146
Apul-Ptuh,OG_05462,0.4815361890694239,0.3515509601181684
Apul-Ptuh,OG_05469,0.8020679468242246,0.8138847858197932
Apul-Ptuh,OG_05476,0.43722304283604135,0.17725258493353027
Apul-Ptuh,OG_05486,0.6056129985228951,0.9202363367799113
Apul-Ptuh,OG_05489,0.21565731166912852,0.025110782865583457
Apul-Ptuh,OG_05514,0.34859675036927623,0.19497784342688332
Apul-Ptuh,OG_05567,0.9586410635155096,0.2466765140324963
Apul-Ptuh,OG_05568,0.03249630723781388,0.15657311669128507
Apul-Ptuh,OG_05556,0.07533234859675036,0.2511078286558346
Apul-Ptuh,OG_05562,0.8685376661742984,0.4224519940915805
Apul-Ptuh,OG_05586,0.38552437223042835,0.20236336779911374
Apul-Ptuh,OG_05592,0.8153618906942393,0.6691285081240768
Apul-Ptuh,OG_05594,0.9202363367799113,0.7459379615952733
Apul-Ptuh,OG_05600,0.6661742983751846,0.35450516986706054
Apul-Ptuh,OG_05618,0.7725258493353028,0.5819793205317577
Apul-Ptuh,OG_05636,0.4298375184638109,0.9231905465288035
Apul-Ptuh,OG_05641,0.7887740029542097,0.8242245199409158
Apul-Ptuh,OG_05654,0.1654357459379616,0.2481536189069424
Apul-Ptuh,OG_05658,0.7592319054652881,0.7976366322008862
Apul-Ptuh,OG_05679,0.397341211225997,0.27326440177252587
Apul-Ptuh,OG_05700,0.49039881831610044,0.08714918759231906
Apul-Ptuh,OG_05699,0.7710487444608567,0.741506646971935
Apul-Ptuh,OG_05713,0.20827178729689808,0.01772525849335303
Apul-Ptuh,OG_05724,0.9867060561299852,0.9261447562776958
Apul-Ptuh,OG_05728,0.7119645494830132,0.8124076809453471
Apul-Ptuh,OG_05744,0.9970457902511078,0.9601181683899557
Apul-Ptuh,OG_05746,0.31757754800590843,0.7887740029542097
Apul-Ptuh,OG_05776,0.8183161004431314,0.7725258493353028
Apul-Ptuh,OG_05796,0.7518463810930576,0.8389955686853766
Apul-Ptuh,OG_05838,0.36779911373707536,0.3205317577548006
Apul-Ptuh,OG_05874,0.6646971935007385,0.6129985228951256
Apul-Ptuh,OG_05875,0.30576070901033975,0.6011816838995568
Apul-Ptuh,OG_05895,0.23042836041358936,0.026587887740029542
Apul-Ptuh,OG_05908,0.28360413589364847,0.04431314623338257
Apul-Ptuh,OG_05917,0.1329394387001477,0
Apul-Ptuh,OG_05954,0.019202363367799114,0.03249630723781388
Apul-Ptuh,OG_05969,0.9276218611521418,0.7754800590841949
Apul-Ptuh,OG_06007,0.26440177252584934,0.011816838995568686
Apul-Ptuh,OG_06014,0.4756277695716396,0.604135893648449
Apul-Ptuh,OG_06020,0.103397341211226,0.2998522895125554
Apul-Ptuh,OG_06026,0.6307237813884786,0.7488921713441654
Apul-Ptuh,OG_06064,0.7193500738552437,0.7828655834564254
Apul-Ptuh,OG_06067,0.9069423929098966,0.9187592319054653
Apul-Ptuh,OG_06077,0.0620384047267356,0.04579025110782865
Apul-Ptuh,OG_06089,0.7636632200886263,0.49039881831610044
Apul-Ptuh,OG_06098,0.6735598227474151,0.42688330871491875
Apul-Ptuh,OG_06101,0.34416543574593794,0.28360413589364847
Apul-Ptuh,OG_06117,0.2895125553914328,0.1861152141802068
Apul-Ptuh,OG_06119,0.6085672082717873,0.7045790251107829
Apul-Ptuh,OG_06147,0.6159527326440177,0.12112259970457903
Apul-Ptuh,OG_06134,0.42836041358936483,0.8921713441654358
Apul-Ptuh,OG_06138,0.41654357459379615,0.5214180206794683
Apul-Ptuh,OG_06161,0.4194977843426883,0.19793205317577547
Apul-Ptuh,OG_06152,0.24372230428360414,0.7474150664697193
Apul-Ptuh,OG_06163,0.4667651403249631,0.6189069423929099
Apul-Ptuh,OG_06173,0.4726735598227474,0.3072378138847858
Apul-Ptuh,OG_06186,0.35745937961595275,0.96602658788774
Apul-Ptuh,OG_06197,0.6927621861152142,0.8463810930576071
Apul-Ptuh,OG_06202,0.8936484490398818,0.9497784342688331
Apul-Ptuh,OG_06219,0.09010339734121123,0.40620384047267355
Apul-Ptuh,OG_06265,0.13146233382570163,0.07828655834564253
Apul-Ptuh,OG_06298,0.5494830132939439,0.40472673559822747
Apul-Ptuh,OG_06340,0.1447562776957164,0.310192023633678
Apul-Ptuh,OG_06368,0.01624815361890694,0.1358936484490399
Apul-Ptuh,OG_06442,0.534711964549483,0.4254062038404727
Apul-Ptuh,OG_06451,0.206794682422452,0.689807976366322
Apul-Ptuh,OG_06464,1,0.9704579025110783
Apul-Ptuh,OG_06494,0.9630723781388478,0.9290989660265879
Apul-Ptuh,OG_06502,0.46824224519940916,0.09601181683899557
Apul-Ptuh,OG_06522,0.6632200886262924,0.8685376661742984
Apul-Ptuh,OG_06524,0.2658788774002954,0.6085672082717873
Apul-Ptuh,OG_06602,0.6248153618906942,0.8522895125553914
Apul-Ptuh,OG_06607,0.6573116691285081,0.15214180206794684
Apul-Ptuh,OG_06613,0.3397341211225997,0.7548005908419497
Apul-Ptuh,OG_06616,0.2968980797636632,0.0103397341211226
Apul-Ptuh,OG_06622,0.5007385524372231,0.9645494830132939
Apul-Ptuh,OG_06627,0.6292466765140325,0.8212703101920237
Apul-Ptuh,OG_06644,0.43870014771048743,0.5096011816838996
Apul-Ptuh,OG_06655,0.059084194977843424,0.0014771048744460858
Apul-Ptuh,OG_06658,0.7370753323485968,0.9734121122599705
Apul-Ptuh,OG_06667,0.053175775480059084,0.5553914327917282
Apul-Ptuh,OG_06670,0.3825701624815362,0.8611521418020679
Apul-Ptuh,OG_06677,0.4327917282127031,0.7621861152141802
Apul-Ptuh,OG_06690,0.3988183161004431,0.4638109305760709
Apul-Ptuh,OG_06697,0.6115214180206795,0.37370753323485967
Apul-Ptuh,OG_06700,0.946824224519941,0.8330871491875923
Apul-Ptuh,OG_06714,0.03545051698670606,0.361890694239291
Apul-Ptuh,OG_06766,0.21418020679468242,0.4032496307237814
Apul-Ptuh,OG_06803,0.723781388478582,0.6322008862629247
Apul-Ptuh,OG_06805,0.44903988183161003,0.34416543574593794
Apul-Ptuh,OG_06837,0.1757754800590842,0.41654357459379615
Apul-Ptuh,OG_06838,0.2983751846381093,0.22008862629246675
Apul-Ptuh,OG_06859,0.3072378138847858,0.25258493353028066
Apul-Ptuh,OG_06899,0.9719350073855244,0.9025110782865583
Apul-Ptuh,OG_06930,0.8714918759231906,0.9069423929098966
Apul-Ptuh,OG_06956,0.8404726735598228,0.47858197932053176
Apul-Ptuh,OG_06992,0.28508124076809455,0.2717872968980798
Apul-Ptuh,OG_07012,0.8833087149187593,0.7444608567208272
Apul-Ptuh,OG_07013,0.9793205317577548,0.41802067946824223
Apul-Ptuh,OG_07071,0.4224519940915805,0.6499261447562777
Apul-Ptuh,OG_07072,0.8788774002954209,0.5036927621861153
Apul-Ptuh,OG_07085,0.3353028064992615,0.08567208271787297
Apul-Ptuh,OG_07145,0.19054652880354506,0.2968980797636632
Apul-Ptuh,OG_07158,0.7991137370753324,0.25997045790251105
Apul-Ptuh,OG_07161,0.12998522895125553,0.007385524372230428
Apul-Ptuh,OG_07177,0.38847858197932056,0.621861152141802
Apul-Ptuh,OG_07189,0.7223042836041359,0.568685376661743
Apul-Ptuh,OG_07211,0.8522895125553914,0.534711964549483
Apul-Ptuh,OG_07230,0.08714918759231906,0.6410635155096012
Apul-Ptuh,OG_07233,0.9615952732644018,0.9556868537666174
Apul-Ptuh,OG_07249,0.11964549483013294,0.1654357459379616
Apul-Ptuh,OG_07266,0.4401772525849335,0.5376661742983752
Apul-Ptuh,OG_07288,0.930576070901034,0.8596750369276218
Apul-Ptuh,OG_07303,0.5036927621861153,0.2171344165435746
Apul-Ptuh,OG_07297,0.5627769571639586,0.37518463810930575
Apul-Ptuh,OG_07322,0.6853766617429837,0.26440177252584934
Apul-Ptuh,OG_07333,0.9187592319054653,0.7429837518463811
Apul-Ptuh,OG_07346,0.8729689807976366,0.8257016248153619
Apul-Ptuh,OG_07349,0.7548005908419497,0.7282127031019202
Apul-Ptuh,OG_07375,0.7902511078286558,0.4667651403249631
Apul-Ptuh,OG_07400,0.35450516986706054,0.1344165435745938
Apul-Ptuh,OG_07404,0.31610044313146235,0.723781388478582
Apul-Ptuh,OG_07420,0.014771048744460856,0.14623338257016247
Apul-Ptuh,OG_07448,0.6144756277695717,0.24519940915805022
Apul-Ptuh,OG_07449,0.3249630723781389,0.6765140324963073
Apul-Ptuh,OG_07467,0.5199409158050221,0.6587887740029542
Apul-Ptuh,OG_07469,0.36484490398818314,0.6853766617429837
Apul-Ptuh,OG_07495,0.4608567208271787,0.397341211225997
Apul-Ptuh,OG_07524,0.5361890694239291,0.06351550960118169
Apul-Ptuh,OG_07531,0.33825701624815363,0.06794682422451995
Apul-Ptuh,OG_07533,0.9689807976366323,0.7666174298375185
Apul-Ptuh,OG_07511,0.05760709010339734,0.056129985228951254
Apul-Ptuh,OG_07555,0.8552437223042836,0.5288035450516987
Apul-Ptuh,OG_07575,0.27474150664697194,0.10782865583456426
Apul-Ptuh,OG_07595,0.4638109305760709,0.9246676514032496
Apul-Ptuh,OG_07629,0.6514032496307238,0.7267355982274741
Apul-Ptuh,OG_07649,0.31462333825701627,0.4874446085672083
Apul-Ptuh,OG_07661,0.9423929098966026,0.5937961595273265
Apul-Ptuh,OG_07670,0.7385524372230429,0.5627769571639586
Apul-Ptuh,OG_07672,0.23929098966026588,0.982274741506647
Apul-Ptuh,OG_07761,0.3412112259970458,0.276218611521418
Apul-Ptuh,OG_07795,0.04431314623338257,0.17429837518463812
Apul-Ptuh,OG_07791,0.14771048744460857,0.32200886262924666
Apul-Ptuh,OG_07802,0.13737075332348597,0.31314623338257014
Apul-Ptuh,OG_07842,0.740029542097489,0.6277695716395865
Apul-Ptuh,OG_07865,0.8744460856720827,0.5081240768094535
Apul-Ptuh,OG_07874,0.4357459379615953,0.5908419497784343
Apul-Ptuh,OG_07878,0.2717872968980798,0.1447562776957164
Apul-Ptuh,OG_07876,0.8345642540620384,0.34859675036927623
Apul-Ptuh,OG_07883,0.9025110782865583,0.5435745937961596
Apul-Ptuh,OG_07898,0.6809453471196455,0.8892171344165436
Apul-Ptuh,OG_07951,0.3205317577548006,0.30428360413589367
Apul-Ptuh,OG_08012,0.07385524372230429,0.44165435745937964
Apul-Ptuh,OG_08047,0.16395864106351551,0.9911373707533235
Apul-Ptuh,OG_08050,0.9320531757754801,0.72525849335302806
Apul-Ptuh,OG_08087,0.8419497784342689,0.948301329394387
Apul-Ptuh,OG_08092,0.29098966026587886,0.8906942392909897
Apul-Ptuh,OG_08093,0.5243722304283605,0.51698670605613
Apul-Ptuh,OG_08120,0.3766617429837518,0.08124076809453472
Apul-Ptuh,OG_08123,0.4121122599704579,0.8064992614475628
Apul-Ptuh,OG_08124,0.42097488921713444,0.01624815361890694
Apul-Ptuh,OG_08096,0.37518463810930575,0.18906942392909898
Apul-Ptuh,OG_08102,0.6765140324963073,0.45937961595273263
Apul-Ptuh,OG_08231,0.8035450516986706,0.8759231905465288
Apul-Ptuh,OG_08241,0.29542097488921715,0.11669128508124077
Apul-Ptuh,OG_08249,0.7784342688330872,0.7562776957163959
Apul-Ptuh,OG_08244,0.8168389955686853,0.8655834564254062
Apul-Ptuh,OG_08262,0.2776957163958641,0.22451994091580502
Apul-Ptuh,OG_08265,0.6100443131462334,0.3766617429837518
Apul-Ptuh,OG_08271,0.638109305760709,0.3722304283604136
Apul-Ptuh,OG_08277,0.4623338257016248,0.3190546528803545
Apul-Ptuh,OG_08284,0.028064992614475627,0.2776957163958641
Apul-Ptuh,OG_08302,0.345642540620384,0.8478581979320532
Apul-Ptuh,OG_08336,0.51698670605613,0.9409158050221565
Apul-Ptuh,OG_08345,0.0827178729689808,0.11521418020679468
Apul-Ptuh,OG_08347,0.8847858197932054,0.6779911373707533
Apul-Ptuh,OG_08363,0.8537666174298375,0.8847858197932054
Apul-Ptuh,OG_08379,0.16838995568685378,0.06942392909896603
Apul-Ptuh,OG_08389,0.9231905465288035,0.5317577548005908
Apul-Ptuh,OG_08414,0.11225997045790251,0.1019202363367799
Apul-Ptuh,OG_08417,0.7503692762186115,0.4076809453471196
Apul-Ptuh,OG_08428,0.6425406203840472,0.2274741506646972
Apul-Ptuh,OG_08437,0.23485967503692762,0.36779911373707536
Apul-Ptuh,OG_08465,0.258493353028065,0.33382570162481534
Apul-Ptuh,OG_08470,0.5878877400295421,0.6292466765140325
Apul-Ptuh,OG_08475,0.26292466765140327,0.3825701624815362
Apul-Ptuh,OG_08481,0.4844903988183161,0.5420974889217134
Apul-Ptuh,OG_08485,0.5790251107828656,0.7592319054652881
Apul-Ptuh,OG_08502,0.14623338257016247,0.0029542097488921715
Apul-Ptuh,OG_08493,0.672082717872969,0.06499261447562776
Apul-Ptuh,OG_08512,0.07090103397341212,0.2614475627769572
Apul-Ptuh,OG_08543,0.6189069423929099,0.8005908419497785
Apul-Ptuh,OG_08599,0.4446085672082718,0.7355982274741507
Apul-Ptuh,OG_08606,0.11669128508124077,0.7178729689807977
Apul-Ptuh,OG_08617,0.983751846381093,0.7651403249630724
Apul-Ptuh,OG_08622,0.23338257016248154,0.16691285081240767
Apul-Ptuh,OG_08639,0.2614475627769572,0.5642540620384048
Apul-Ptuh,OG_08657,0.982274741506647,0.7533234859675036
Apul-Ptuh,OG_08661,0.35302806499261447,0.5775480059084195
Apul-Ptuh,OG_08662,0.21861152141802068,0.5465288035450517
Apul-Ptuh,OG_08676,0.6454948301329394,0.44903988183161003
Apul-Ptuh,OG_08685,0.2481536189069424,0.620384047267356
Apul-Ptuh,OG_08750,0.15952732644017725,0.2983751846381093
Apul-Ptuh,OG_08752,0.0029542097488921715,0.16395864106351551
Apul-Ptuh,OG_08764,0.7045790251107829,0.8345642540620384
Apul-Ptuh,OG_08765,0.17725258493353027,0.43722304283604135
Apul-Ptuh,OG_08786,0.18168389955686853,0.6514032496307238
Apul-Ptuh,OG_08846,0.5849335302806499,0.8183161004431314
Apul-Ptuh,OG_08856,0.2688330871491876,0.38995568685376664
Apul-Ptuh,OG_08869,0.5539143279172821,0.5849335302806499
Apul-Ptuh,OG_08871,0.8005908419497785,0.5155096011816839
Apul-Ptuh,OG_08874,0.4254062038404727,0.07090103397341212
Apul-Ptuh,OG_08878,0.6277695716395865,0.27031019202363366
Apul-Ptuh,OG_08895,0.8212703101920237,0.9113737075332349
Apul-Ptuh,OG_08897,0.5701624815361891,0.6794682422451994
Apul-Ptuh,OG_08911,0.8655834564254062,0.7813884785819794
Apul-Ptuh,OG_08909,0.5288035450516987,0.9438700147710487
Apul-Ptuh,OG_08917,0.9763663220088626,0.7636632200886263
Apul-Ptuh,OG_08920,0.41802067946824223,0.8316100443131462
Apul-Ptuh,OG_08927,0.033973412112259974,0.1935007385524372
Apul-Ptuh,OG_08929,0.5406203840472673,0.14032496307237813
Apul-Ptuh,OG_08930,0.6469719350073855,0.4963072378138848
Apul-Ptuh,OG_08958,0.7208271787296898,0.8714918759231906
Apul-Ptuh,OG_08966,0.0014771048744460858,0.18020679468242246
Apul-Ptuh,OG_08990,0.8596750369276218,0.912850812407681
Apul-Ptuh,OG_08994,0.7858197932053176,0.5701624815361891
Apul-Ptuh,OG_09016,0.09453471196454949,0.047267355982274745
Apul-Ptuh,OG_09024,0.013293943870014771,0.2378138847858198
Apul-Ptuh,OG_09048,0.5317577548005908,0.37813884785819796
Apul-Ptuh,OG_09096,0.310192023633678,0.9793205317577548
Apul-Ptuh,OG_09099,0.5258493353028065,0.4623338257016248
Apul-Ptuh,OG_09110,0.8079763663220089,0.6174298375184638
Apul-Ptuh,OG_09113,0.4017725258493353,0.6248153618906942
Apul-Ptuh,OG_09114,0.8774002954209749,0.5302806499261448
Apul-Ptuh,OG_09116,0.7680945347119645,0.6558345642540621
Apul-Ptuh,OG_09135,0.3722304283604136,0.0206794682422452
Apul-Ptuh,OG_09174,0.16691285081240767,0.2895125553914328
Apul-Ptuh,OG_09171,0.7296898079763663,0.8729689807976366
Apul-Ptuh,OG_09177,0.912850812407681,0.793205317577548
Apul-Ptuh,OG_09193,0.6617429837518464,0.5022156573116692
Apul-Ptuh,OG_09213,0.2171344165435746,0.06646971935007386
Apul-Ptuh,OG_09232,0.2570162481536189,0.4194977843426883
Apul-Ptuh,OG_09236,0.49926144756277696,0.4859675036927622
Apul-Ptuh,OG_09240,0.4963072378138848,0.050221565731166914
Apul-Ptuh,OG_09241,0.15805022156573117,0.08419497784342689
Apul-Ptuh,OG_09249,0.004431314623338257,0.7163958641063516
Apul-Ptuh,OG_09256,0.19940915805022155,0.5391432791728212
Apul-Ptuh,OG_09278,0.22156573116691286,0.27474150664697194
Apul-Ptuh,OG_09305,0.07976366322008863,0.810930576070901
Apul-Ptuh,OG_09326,0.8064992614475628,0.8951255539143279
Apul-Ptuh,OG_09336,0.5568685376661743,0.172821270310192
Apul-Ptuh,OG_09349,0.5214180206794683,0.6838995568685377
Apul-Ptuh,OG_09361,0.8921713441654358,0.740029542097489
Apul-Ptuh,OG_09364,0.8286558345642541,0.22895125553914328
Apul-Ptuh,OG_09362,0.6440177252584933,0.6351550960118169
Apul-Ptuh,OG_09396,0.9601181683899557,0.7858197932053176
Apul-Ptuh,OG_09399,0.8892171344165436,0.8301329394387001
Apul-Ptuh,OG_09401,0.9955686853766618,0.5125553914327917
Apul-Ptuh,OG_09409,0.691285081240768,0.844903988183161
Apul-Ptuh,OG_09411,0.9290989660265879,0.7385524372230429
Apul-Ptuh,OG_09421,0.689807976366322,0.7090103397341211
Apul-Ptuh,OG_09465,0.0915805022156573,0.10635155096011817
Apul-Ptuh,OG_09471,0.9512555391432792,0.6528803545051699
Apul-Ptuh,OG_09479,0.27031019202363366,0.9571639586410635
Apul-Ptuh,OG_09486,0.5893648449039882,0.41063515509601184
Apul-Ptuh,OG_09487,0.6366322008862629,0.5657311669128509
Apul-Ptuh,OG_09510,0.6528803545051699,0.9217134416543574
Apul-Ptuh,OG_09591,0.9778434268833087,0.4460856720827179
Apul-Ptuh,OG_09592,0.5967503692762186,0.4771048744460857
Apul-Ptuh,OG_09571,0.9645494830132939,0.5952732644017725
Apul-Ptuh,OG_09573,0.9734121122599705,1
Apul-Ptuh,OG_09626,0.55096011816839,0.25406203840472674
Apul-Ptuh,OG_09609,0.4091580502215657,0.7710487444608567
Apul-Ptuh,OG_09653,0.9556868537666174,0.9985228951255539
Apul-Ptuh,OG_09667,0.9438700147710487,0.31166912850812406
Apul-Ptuh,OG_09689,0.008862629246676515,0.13146233382570163
Apul-Ptuh,OG_09707,0.948301329394387,0.6026587887740029
Apul-Ptuh,OG_09708,0.17134416543574593,0.5790251107828656
Apul-Ptuh,OG_09719,0.7754800590841949,0.7695716395864106
Apul-Ptuh,OG_09736,0.7621861152141802,0.8700147710487445
Apul-Ptuh,OG_09804,0.5937961595273265,0.5494830132939439
Apul-Ptuh,OG_09833,0.9704579025110783,0.9172821270310192
Apul-Ptuh,OG_09837,0.47858197932053176,0.36927621861152143
Apul-Ptuh,OG_09841,0.793205317577548,0.5450516986706057
Apul-Ptuh,OG_09846,0.552437223042836,0.7991137370753324
Apul-Ptuh,OG_09892,0.15657311669128507,0.5716395864106352
Apul-Ptuh,OG_09920,0.4771048744460857,0.24224519940915806
Apul-Ptuh,OG_09922,0.029542097488921712,0.6883308714918759
Apul-Ptuh,OG_09924,0.45937961595273263,0.9010339734121122
Apul-Ptuh,OG_09934,0.2511078286558346,0.6336779911373708
Apul-Ptuh,OG_09927,0.12112259970457903,0.5539143279172821
Apul-Ptuh,OG_09928,0.0723781388478582,0.11816838995568685
Apul-Ptuh,OG_09938,0.37813884785819796,0.31757754800590843
Apul-Ptuh,OG_09942,0.5805022156573116,0.5583456425406204
Apul-Ptuh,OG_09950,0.03840472673559823,0.023633677991137372
Apul-Ptuh,OG_09962,0.007385524372230428,0.9896602658788775
Apul-Ptuh,OG_09981,0.1432791728212703,0.552437223042836
Apul-Ptuh,OG_10045,0.361890694239291,0.3087149187592319
Apul-Ptuh,OG_10051,0.7163958641063516,0.8079763663220089
Apul-Ptuh,OG_10076,0.37370753323485967,0.4741506646971935
Apul-Ptuh,OG_10077,0.39586410635155095,0.6617429837518464
Apul-Ptuh,OG_10078,0.5760709010339734,0.4549483013293944
Apul-Ptuh,OG_10094,0.8242245199409158,0.8020679468242246
Apul-Ptuh,OG_10104,0.06794682422451995,0.12259970457902511
Apul-Ptuh,OG_10121,0.33382570162481534,0.4918759231905465
Apul-Ptuh,OG_10158,0.2673559822747415,0.9350073855243722
Apul-Ptuh,OG_10168,0.9379615952732644,0.7961595273264401
Apul-Ptuh,OG_10171,0.2363367799113737,0.4844903988183161
Apul-Ptuh,OG_10180,0.24519940915805022,0.258493353028065
Apul-Ptuh,OG_10181,0.12259970457902511,0.103397341211226
Apul-Ptuh,OG_10190,0.3810930576070901,0.18463810930576072
Apul-Ptuh,OG_10211,0.10635155096011817,0.028064992614475627
Apul-Ptuh,OG_10212,0.10782865583456426,0.206794682422452
Apul-Ptuh,OG_06243,0.07680945347119646,0.155096011816839
Peve-Ptuh,OG_08950,0.6190476190476191,0.9688013136288999
Peve-Ptuh,OG_08945,0.9129720853858785,0.9950738916256158
Peve-Ptuh,OG_08936,0.3645320197044335,0.37438423645320196
Peve-Ptuh,OG_08927,0.24794745484400657,0.17898193760262726
Peve-Ptuh,OG_08914,0.2413793103448276,0.1116584564860427
Peve-Ptuh,OG_08913,0.3415435139573071,0.8440065681444991
Peve-Ptuh,OG_02721,0.19376026272577998,0.7372742200328407
Peve-Ptuh,OG_02703,0.6683087027914614,0.9737274220032841
Peve-Ptuh,OG_03286,0.6075533661740559,0.6568144499178982
Peve-Ptuh,OG_03289,0.46798029556650245,0.24958949096880131
Peve-Ptuh,OG_03288,0.6026272577996716,0.23645320197044334
Peve-Ptuh,OG_03282,0.29720853858784896,0.6486042692939245
Peve-Ptuh,OG_03279,0.8949096880131363,0.7586206896551724
Peve-Ptuh,OG_03276,1,0.9835796387520526
Peve-Ptuh,OG_04501,0.715927750410509,0.4121510673234811
Peve-Ptuh,OG_09084,0.44499178981937604,0.3645320197044335
Peve-Ptuh,OG_09085,0.1592775041050903,0.2348111658456486
Peve-Ptuh,OG_09087,0.5665024630541872,0.5106732348111659
Peve-Ptuh,OG_09088,0.7487684729064039,0.5024630541871922
Peve-Ptuh,OG_00060,0.2545155993431856,0.8078817733990148
Peve-Ptuh,OG_00051,0.3284072249589491,0.361247947454844
Peve-Ptuh,OG_05590,0.14285714285714285,0.8505747126436781
Peve-Ptuh,OG_01417,0.07389162561576355,0.9425287356321839
Peve-Ptuh,OG_01418,0.1116584564860427,0.3169129720853859
Peve-Ptuh,OG_01425,0.8768472906403941,0.7504105090311987
Peve-Ptuh,OG_01618,0.8505747126436781,0.5796387520525451
Peve-Ptuh,OG_01628,0.7142857142857143,0.39408866995073893
Peve-Ptuh,OG_08988,0.7848932676518884,0.5894909688013136
Peve-Ptuh,OG_08877,0.6978653530377669,0.8275862068965517
Peve-Ptuh,OG_08878,0.4614121510673235,0.23973727422003285
Peve-Ptuh,OG_08880,0.37438423645320196,0.7027914614121511
Peve-Ptuh,OG_06646,0.7126436781609196,0.29064039408866993
Peve-Ptuh,OG_02113,0.3464696223316913,0.6732348111658456
Peve-Ptuh,OG_05348,0.5320197044334976,0.26436781609195403
Peve-Ptuh,OG_05343,0.2988505747126437,0.3924466338259442
Peve-Ptuh,OG_04880,0.6272577996715928,0.7422003284072249
Peve-Ptuh,OG_04872,0.5566502463054187,0.6502463054187192
Peve-Ptuh,OG_01369,0.9819376026272578,0.17733990147783252
Peve-Ptuh,OG_01362,0.011494252873563218,0.19704433497536947
Peve-Ptuh,OG_01351,0.7701149425287356,0.8210180623973727
Peve-Ptuh,OG_08440,0.4729064039408867,0.36617405582922824
Peve-Ptuh,OG_08414,0.016420361247947456,0.0755336617405583
Peve-Ptuh,OG_08490,0.06403940886699508,0.7011494252873564
Peve-Ptuh,OG_10030,0.9490968801313628,0.21182266009852216
Peve-Ptuh,OG_00399,0.7602627257799671,0.8768472906403941
Peve-Ptuh,OG_00482,0.8308702791461412,0.90311986863711
Peve-Ptuh,OG_00480,0.16748768472906403,0.29720853858784896
Peve-Ptuh,OG_00479,0.9901477832512315,0.7963875205254516
Peve-Ptuh,OG_00478,0.8029556650246306,0.7865353037766831
Peve-Ptuh,OG_00477,0.4187192118226601,0.7717569786535303
Peve-Ptuh,OG_05016,0.6338259441707718,0.3415435139573071
Peve-Ptuh,OG_05026,0.7651888341543513,0.6469622331691297
Peve-Ptuh,OG_05027,0.1412151067323481,0.09852216748768473
Peve-Ptuh,OG_08195,0.042692939244663386,0.026272577996715927
Peve-Ptuh,OG_04732,0.4236453201970443,0.44499178981937604
Peve-Ptuh,OG_04741,0.4269293924466338,0.021346469622331693
Peve-Ptuh,OG_06080,0.9605911330049262,0.9901477832512315
Peve-Ptuh,OG_06087,0.3448275862068966,0.6715927750410509
Peve-Ptuh,OG_00166,0.5681444991789819,0.715927750410509
Peve-Ptuh,OG_00963,0.735632183908046,0.6026272577996716
Peve-Ptuh,OG_00960,0.6962233169129721,0.019704433497536946
Peve-Ptuh,OG_05175,0.7274220032840722,0.9178981937602627
Peve-Ptuh,OG_05169,0.993431855500821,0.896551724137931
Peve-Ptuh,OG_05254,0.896551724137931,0.7947454844006568
Peve-Ptuh,OG_05252,0.8752052545155994,0.9753694581280788
Peve-Ptuh,OG_05007,0.013136288998357963,0.24302134646962234
Peve-Ptuh,OG_05055,0.5336617405582923,0.7487684729064039
Peve-Ptuh,OG_05154,0.11330049261083744,0.22495894909688013
Peve-Ptuh,OG_03399,0.5221674876847291,0.2315270935960591
Peve-Ptuh,OG_05583,0.17077175697865354,0.7799671592775042
Peve-Ptuh,OG_01421,0.9080459770114943,0.5993431855500821
Peve-Ptuh,OG_01422,0.8472906403940886,0.909688013136289
Peve-Ptuh,OG_01420,0.1921182266009852,0.7684729064039408
Peve-Ptuh,OG_05599,0.6715927750410509,0.8226600985221675
Peve-Ptuh,OG_05304,0.3727422003284072,0.07717569786535304
Peve-Ptuh,OG_03992,0.6863711001642037,0.8899835796387521
Peve-Ptuh,OG_03976,0.7405582922824302,0.40229885057471265
Peve-Ptuh,OG_06526,0.39901477832512317,0.4072249589490969
Peve-Ptuh,OG_03779,0.6042692939244664,0.22660098522167488
Peve-Ptuh,OG_03914,0.7586206896551724,0.6190476190476191
Peve-Ptuh,OG_03847,0.3021346469622332,0.49917898193760263
Peve-Ptuh,OG_03913,0.16091954022988506,0.45320197044334976
Peve-Ptuh,OG_03906,0.11986863711001643,0.14285714285714285
Peve-Ptuh,OG_07776,0.8374384236453202,0.20525451559934318
Peve-Ptuh,OG_04220,0.458128078817734,0.24794745484400657
Peve-Ptuh,OG_04218,0.9343185550082101,0.5615763546798029
Peve-Ptuh,OG_07295,0.5090311986863711,0.1839080459770115
Peve-Ptuh,OG_07645,0.7077175697865353,0.3103448275862069
Peve-Ptuh,OG_06726,0.3218390804597701,0.7816091954022989
Peve-Ptuh,OG_05621,0.3842364532019704,0.5665024630541872
Peve-Ptuh,OG_05633,0.12479474548440066,0.47619047619047616
Peve-Ptuh,OG_07334,0.5533661740558292,0.9392446633825944
Peve-Ptuh,OG_05591,0.17733990147783252,0.5385878489326765
Peve-Ptuh,OG_06917,0.11822660098522167,0.9573070607553367
Peve-Ptuh,OG_06920,0.9425287356321839,0.9967159277504105
Peve-Ptuh,OG_02156,0.986863711001642,0.5714285714285714
Peve-Ptuh,OG_02154,0.5254515599343186,0.8604269293924466
Peve-Ptuh,OG_00309,0.2561576354679803,0.13464696223316913
Peve-Ptuh,OG_00320,0.5977011494252874,0.49589490968801314
Peve-Ptuh,OG_00321,0.08374384236453201,0.20032840722495895
Peve-Ptuh,OG_03158,0.9622331691297209,0.6305418719211823
Peve-Ptuh,OG_02537,0.5188834154351396,0.08702791461412152
Peve-Ptuh,OG_05394,0.8916256157635468,0.8817733990147784
Peve-Ptuh,OG_04177,0.7504105090311987,0.37766830870279144
Peve-Ptuh,OG_02530,0.5648604269293924,0.4400656814449918
Peve-Ptuh,OG_09508,0.1986863711001642,0.4827586206896552
Peve-Ptuh,OG_03886,0.548440065681445,0.11494252873563218
Peve-Ptuh,OG_00707,0.17898193760262726,0.060755336617405585
Peve-Ptuh,OG_00708,0.47126436781609193,0.4975369458128079
Peve-Ptuh,OG_02833,0.13464696223316913,0.12479474548440066
Peve-Ptuh,OG_02827,0.06568144499178982,0.7471264367816092
Peve-Ptuh,OG_00136,0.6288998357963875,0.45977011494252873
Peve-Ptuh,OG_00143,0.7865353037766831,0.6272577996715928
Peve-Ptuh,OG_01114,0.15763546798029557,0.7044334975369458
Peve-Ptuh,OG_01122,0.2791461412151067,0.42528735632183906
Peve-Ptuh,OG_02979,0.8784893267651889,0.6354679802955665
Peve-Ptuh,OG_02969,0.3497536945812808,0.6945812807881774
Peve-Ptuh,OG_04445,0.9540229885057471,0.6847290640394089
Peve-Ptuh,OG_09525,0.10673234811165845,0.12315270935960591
Peve-Ptuh,OG_09526,0.3169129720853859,0.4794745484400657
Peve-Ptuh,OG_03030,0.38752052545155996,0.33004926108374383
Peve-Ptuh,OG_03048,0.42036124794745483,0.4876847290640394
Peve-Ptuh,OG_07758,0.5829228243021346,0.6962233169129721
Peve-Ptuh,OG_04653,0.37766830870279144,0.7569786535303776
Peve-Ptuh,OG_01452,0.9408866995073891,0.9786535303776683
Peve-Ptuh,OG_00582,0.8440065681444991,0.9704433497536946
Peve-Ptuh,OG_09888,0.451559934318555,0.8702791461412152
Peve-Ptuh,OG_09156,0.7816091954022989,0.451559934318555
Peve-Ptuh,OG_09157,0.8522167487684729,0.28407224958949095
Peve-Ptuh,OG_01110,0.7175697865353038,0.0016420361247947454
Peve-Ptuh,OG_01106,0.8538587848932676,0.9638752052545156
Peve-Ptuh,OG_00119,0.4876847290640394,0.7602627257799671
Peve-Ptuh,OG_00115,0.4794745484400657,0.05090311986863711
Peve-Ptuh,OG_00118,0.7881773399014779,0.5041050903119869
Peve-Ptuh,OG_08373,0.03776683087027915,0.08538587848932677
Peve-Ptuh,OG_02090,0.3530377668308703,0.06239737274220033
Peve-Ptuh,OG_01916,0.024630541871921183,0.9458128078817734
Peve-Ptuh,OG_01593,0.21018062397372742,0.4187192118226601
Peve-Ptuh,OG_01395,0.7799671592775042,0.9047619047619048
Peve-Ptuh,OG_05743,0.277504105090312,0.4909688013136289
Peve-Ptuh,OG_05742,0.2939244663382594,0.38752052545155996
Peve-Ptuh,OG_05736,0.9441707717569786,0.9540229885057471
Peve-Ptuh,OG_05734,0.4466338259441708,0.07060755336617405
Peve-Ptuh,OG_03270,0.17405582922824303,0.03284072249589491
Peve-Ptuh,OG_03081,0.9917898193760263,0.9605911330049262
Peve-Ptuh,OG_03069,0.5106732348111659,0.7914614121510674
Peve-Ptuh,OG_03094,0.11658456486042693,0.6042692939244664
Peve-Ptuh,OG_03100,0.1297208538587849,0.8735632183908046
Peve-Ptuh,OG_04172,0.6699507389162561,0.3842364532019704
Peve-Ptuh,OG_09394,0.7898193760262726,0.6141215106732348
Peve-Ptuh,OG_09391,0.5402298850574713,0.7438423645320197
Peve-Ptuh,OG_01400,0.2824302134646962,0.8620689655172413
Peve-Ptuh,OG_01066,0.5714285714285714,0.6699507389162561
Peve-Ptuh,OG_07411,0.42857142857142855,0.9523809523809523
Peve-Ptuh,OG_08308,0.36617405582922824,0.05582922824302135
Peve-Ptuh,OG_00338,0.7619047619047619,0.8243021346469622
Peve-Ptuh,OG_06028,0.9950738916256158,0.36288998357963875
Peve-Ptuh,OG_08048,0.8817733990147784,0.9195402298850575
Peve-Ptuh,OG_02245,0.3924466338259442,0.37110016420361247
Peve-Ptuh,OG_06585,0.8292282430213465,0.9359605911330049
Peve-Ptuh,OG_00807,0.6814449917898193,0.993431855500821
Peve-Ptuh,OG_10174,0.24630541871921183,0.5927750410509032
Peve-Ptuh,OG_03873,0.35139573070607555,0.20689655172413793
Peve-Ptuh,OG_03876,0.5172413793103449,0.1592775041050903
Peve-Ptuh,OG_04337,0.34811165845648606,0.2134646962233169
Peve-Ptuh,OG_04346,0.5139573070607554,0.13793103448275862
Peve-Ptuh,OG_07155,0.38587848932676516,0.7241379310344828
Peve-Ptuh,OG_02904,0.5960591133004927,0.6436781609195402
Peve-Ptuh,OG_01324,0.5073891625615764,0.15763546798029557
Peve-Ptuh,OG_04331,0.2348111658456486,0.8522167487684729
Peve-Ptuh,OG_04325,0.6535303776683087,0.541871921182266
Peve-Ptuh,OG_03799,0.3973727422003284,0.41707717569786534
Peve-Ptuh,OG_03793,0.4745484400656814,0.4630541871921182
Peve-Ptuh,OG_01409,0.7044334975369458,0.30377668308702793
Peve-Ptuh,OG_09212,0.22495894909688013,0.06568144499178982
Peve-Ptuh,OG_01402,0.18719211822660098,0.5090311986863711
Peve-Ptuh,OG_09408,0.9720853858784894,0.48932676518883417
Peve-Ptuh,OG_09401,0.9688013136288999,0.4433497536945813
Peve-Ptuh,OG_08806,0.5599343185550082,0.7848932676518884
Peve-Ptuh,OG_00299,0.5632183908045977,0.05747126436781609
Peve-Ptuh,OG_00304,0.1839080459770115,0.1477832512315271
Peve-Ptuh,OG_03661,0.41050903119868637,0.9113300492610837
Peve-Ptuh,OG_03659,0.3251231527093596,0.20853858784893267
Peve-Ptuh,OG_00843,0.645320197044335,0.17405582922824303
Peve-Ptuh,OG_00822,0.270935960591133,0.03940886699507389
Peve-Ptuh,OG_02943,0.5812807881773399,0.06732348111658457
Peve-Ptuh,OG_04089,0.9392446633825944,0.9244663382594417
Peve-Ptuh,OG_02544,0.8998357963875205,0.8637110016420362
Peve-Ptuh,OG_01134,0.33497536945812806,0.42857142857142855
Peve-Ptuh,OG_07718,0.7093596059113301,0.5582922824302134
Peve-Ptuh,OG_03687,0.6206896551724138,0.25779967159277506
Peve-Ptuh,OG_07544,0.3103448275862069,0.13136288998357964
Peve-Ptuh,OG_07543,0.3103448275862069,0.15435139573070608
Peve-Ptuh,OG_02640,0.8226600985221675,0.9983579638752053
Peve-Ptuh,OG_02644,0.8669950738916257,0.8686371100164204
Peve-Ptuh,OG_08165,0.23316912972085385,0.5500821018062397
Peve-Ptuh,OG_08145,0.031198686371100164,0.11986863711001643
Peve-Ptuh,OG_08328,0.22824302134646962,0.2019704433497537
Peve-Ptuh,OG_07874,0.32676518883415434,0.5336617405582923
Peve-Ptuh,OG_09330,0.49589490968801314,0.31527093596059114
Peve-Ptuh,OG_09389,0.4351395730706076,0.812807881773399
Peve-Ptuh,OG_01148,0.28735632183908044,0.06896551724137931
Peve-Ptuh,OG_09709,0.7208538587848933,0.4942528735632184
Peve-Ptuh,OG_08861,0.1477832512315271,0.7668308702791461
Peve-Ptuh,OG_06302,0.7750410509031199,0.8653530377668309
Peve-Ptuh,OG_10202,0.722495894909688,0.7192118226600985
Peve-Ptuh,OG_10204,0.28078817733990147,0.35139573070607555
Peve-Ptuh,OG_09413,0.6354679802955665,0.5911330049261084
Peve-Ptuh,OG_08312,0.6798029556650246,0.9408866995073891
Peve-Ptuh,OG_07135,0.7307060755336617,0.6059113300492611
Peve-Ptuh,OG_02437,0.21674876847290642,0.5254515599343186
Peve-Ptuh,OG_08307,0.8686371100164204,0.7093596059113301
Peve-Ptuh,OG_03409,0.21182266009852216,0.9474548440065681
Peve-Ptuh,OG_03406,0.8095238095238095,1
Peve-Ptuh,OG_00212,0.31527093596059114,0.042692939244663386
Peve-Ptuh,OG_00213,0.41707717569786534,0.6650246305418719
Peve-Ptuh,OG_00216,0.49917898193760263,0.8555008210180624
Peve-Ptuh,OG_01890,0.0180623973727422,0.008210180623973728
Peve-Ptuh,OG_00219,0.9655172413793104,0.5451559934318555
Peve-Ptuh,OG_09211,0.8423645320197044,0.9129720853858785
Peve-Ptuh,OG_09647,0.13957307060755336,0.0180623973727422
Peve-Ptuh,OG_03956,0.7783251231527094,0.5057471264367817
Peve-Ptuh,OG_07649,0.4072249589490969,0.4318555008210181
Peve-Ptuh,OG_02148,0.29064039408866993,0.16584564860426929
Peve-Ptuh,OG_06971,0.2922824302134647,0.32019704433497537
Peve-Ptuh,OG_04910,0,0.031198686371100164
Peve-Ptuh,OG_04914,0.535303776683087,0.35960591133004927
Peve-Ptuh,OG_07946,0.6141215106732348,0.9852216748768473
Peve-Ptuh,OG_07940,0.4302134646962233,0.4269293924466338
Peve-Ptuh,OG_07939,0.49261083743842365,0.7060755336617406
Peve-Ptuh,OG_01090,0.9195402298850575,0.4860426929392447
Peve-Ptuh,OG_05523,0.41379310344827586,0.40558292282430214
Peve-Ptuh,OG_05405,0.4909688013136289,0.15599343185550082
Peve-Ptuh,OG_04643,0.15435139573070608,0.10344827586206896
Peve-Ptuh,OG_03891,0.4121510673234811,0.270935960591133
Peve-Ptuh,OG_02188,0.6650246305418719,0.7898193760262726
Peve-Ptuh,OG_02193,0.06239737274220033,0.4696223316912972
Peve-Ptuh,OG_07588,0.19540229885057472,0.003284072249589491
Peve-Ptuh,OG_04968,0.11494252873563218,0.2545155993431856
Peve-Ptuh,OG_05241,0.9523809523809523,0.7931034482758621
Peve-Ptuh,OG_03794,0.6765188834154351,0.47126436781609193
Peve-Ptuh,OG_07824,0.6847290640394089,0.7142857142857143
Peve-Ptuh,OG_09334,0.9474548440065681,0.8850574712643678
Peve-Ptuh,OG_00784,0.6091954022988506,0.6223316912972086
Peve-Ptuh,OG_07463,0.4548440065681445,0.22167487684729065
Peve-Ptuh,OG_09383,0.8456486042692939,0.16748768472906403
Peve-Ptuh,OG_01219,0.45977011494252873,0.35467980295566504
Peve-Ptuh,OG_01258,0.5385878489326765,0.4367816091954023
Peve-Ptuh,OG_01255,0.6124794745484401,0.3185550082101806
Peve-Ptuh,OG_07185,0.7963875205254516,0.7126436781609196
Peve-Ptuh,OG_01076,0.7192118226600985,0.9507389162561576
Peve-Ptuh,OG_05399,0.6781609195402298,0.18226600985221675
Peve-Ptuh,OG_05401,0.8013136288998358,0.7783251231527094
Peve-Ptuh,OG_01272,0.7110016420361248,0.3399014778325123
Peve-Ptuh,OG_03203,0.33169129720853857,0.5960591133004927
Peve-Ptuh,OG_02892,0.20689655172413793,0.9819376026272578
Peve-Ptuh,OG_01320,0.5730706075533661,0.1986863711001642
Peve-Ptuh,OG_06570,0.0049261083743842365,0.022988505747126436
Peve-Ptuh,OG_09140,0.16420361247947454,0.6338259441707718
Peve-Ptuh,OG_08320,0.12315270935960591,0.18555008210180624
Peve-Ptuh,OG_06045,0.5155993431855501,0.8160919540229885
Peve-Ptuh,OG_07553,0.47783251231527096,0.5320197044334976
Peve-Ptuh,OG_07596,0.5303776683087028,0.8998357963875205
Peve-Ptuh,OG_01191,0.5435139573070608,0.024630541871921183
Peve-Ptuh,OG_06612,0.8719211822660099,0.4614121510673235
Peve-Ptuh,OG_01773,0.7980295566502463,0.2922824302134647
Peve-Ptuh,OG_05332,0.8111658456486043,0.3760262725779967
Peve-Ptuh,OG_04714,0.4975369458128079,0.7536945812807881
Peve-Ptuh,OG_02390,0.9967159277504105,0.4351395730706076
Peve-Ptuh,OG_03560,0.5041050903119869,0.9917898193760263
Peve-Ptuh,OG_09500,0.4630541871921182,0.8538587848932676
Peve-Ptuh,OG_04380,0.625615763546798,0.6239737274220033
Peve-Ptuh,OG_03946,0.6420361247947455,0.825944170771757
Peve-Ptuh,OG_04639,0.3579638752052545,0.33497536945812806
Peve-Ptuh,OG_04634,0.5205254515599343,0.6617405582922824
Peve-Ptuh,OG_02000,0.39408866995073893,0.0361247947454844
Peve-Ptuh,OG_09697,0.90311986863711,0.2742200328407225
Peve-Ptuh,OG_06738,0.5615763546798029,0.4729064039408867
Peve-Ptuh,OG_09503,0.6059113300492611,0.7733990147783252
Peve-Ptuh,OG_00435,0.8045977011494253,0.735632183908046
Peve-Ptuh,OG_03800,0.2857142857142857,0.8949096880131363
Peve-Ptuh,OG_09486,0.4942528735632184,0.3793103448275862
Peve-Ptuh,OG_04188,0.006568144499178982,0.08866995073891626
Peve-Ptuh,OG_10077,0.5451559934318555,0.6009852216748769
Peve-Ptuh,OG_01023,0.08702791461412152,0.16420361247947454
Peve-Ptuh,OG_00651,0.7766830870279147,0.916256157635468
Peve-Ptuh,OG_00655,0.5944170771756979,0.3333333333333333
Peve-Ptuh,OG_04967,0.06896551724137931,0.17077175697865354
Peve-Ptuh,OG_00148,0.7553366174055829,0.14614121510673234
Peve-Ptuh,OG_04853,0.4827586206896552,0.6880131362889984
Peve-Ptuh,OG_09243,0.5057471264367817,0.7750410509031199
Peve-Ptuh,OG_05568,0.052545155993431854,0.13957307060755336
Peve-Ptuh,OG_08627,0.9885057471264368,0.8489326765188834
Peve-Ptuh,OG_05268,0.7339901477832512,0.48111658456486045
Peve-Ptuh,OG_05874,0.8653530377668309,0.548440065681445
Peve-Ptuh,OG_00497,0.9310344827586207,0.8916256157635468
Peve-Ptuh,OG_07629,0.1444991789819376,0.6683087027914614
Peve-Ptuh,OG_07626,0.632183908045977,0.9310344827586207
Peve-Ptuh,OG_05856,0.44170771756978655,0.07389162561576355
Peve-Ptuh,OG_04762,0.7832512315270936,0.5270935960591133
Peve-Ptuh,OG_04764,0.5894909688013136,0.5435139573070608
Peve-Ptuh,OG_05823,0.9573070607553367,0.9146141215106732
Peve-Ptuh,OG_09524,0.09195402298850575,0.19540229885057472
Peve-Ptuh,OG_04627,0.10837438423645321,0.7651888341543513
Peve-Ptuh,OG_01222,0.7520525451559934,0.6518883415435139
Peve-Ptuh,OG_10098,0.04926108374384237,0.3218390804597701
Peve-Ptuh,OG_00442,0.25287356321839083,0.7520525451559934
Peve-Ptuh,OG_08133,0.9983579638752053,0.625615763546798
Peve-Ptuh,OG_04709,0.638752052545156,0.1921182266009852
Peve-Ptuh,OG_07992,0.9507389162561576,0.24630541871921183
Peve-Ptuh,OG_07675,0.6403940886699507,0.8390804597701149
Peve-Ptuh,OG_01934,0.4433497536945813,0.2988505747126437
Peve-Ptuh,OG_01281,0.28407224958949095,0.5779967159277504
Peve-Ptuh,OG_02738,0.8144499178981938,0.45648604269293924
Peve-Ptuh,OG_02730,0.13793103448275862,0.0722495894909688
Peve-Ptuh,OG_06489,0.812807881773399,0.2857142857142857
Peve-Ptuh,OG_06488,0.1625615763546798,0.4548440065681445
Peve-Ptuh,OG_02432,0.2676518883415435,0.5221674876847291
Peve-Ptuh,OG_08310,0.48440065681444994,0.6929392446633826
Peve-Ptuh,OG_02119,0.2889983579638752,0.0049261083743842365
Peve-Ptuh,OG_06519,0.20361247947454844,0.18883415435139572
Peve-Ptuh,OG_04826,0.8834154351395731,0.6288998357963875
Peve-Ptuh,OG_04023,0.6239737274220033,0.34811165845648606
Peve-Ptuh,OG_08100,0.8160919540229885,0.9622331691297209
Peve-Ptuh,OG_10020,0.8275862068965517,0.3957307060755337
Peve-Ptuh,OG_06677,0.03940886699507389,0.7307060755336617
Peve-Ptuh,OG_05689,0.4154351395730706,0.9326765188834154
Peve-Ptuh,OG_02320,0.5763546798029556,0.5188834154351396
Peve-Ptuh,OG_01832,0.180623973727422,0.6814449917898193
Peve-Ptuh,OG_01982,0.8489326765188834,0.632183908045977
Peve-Ptuh,OG_00367,0.9753694581280788,0.6748768472906403
Peve-Ptuh,OG_00951,0.30870279146141216,0.986863711001642
Peve-Ptuh,OG_07952,0.9359605911330049,0.9770114942528736
Peve-Ptuh,OG_02792,0.8702791461412152,0.8095238095238095
Peve-Ptuh,OG_02789,0.8357963875205254,0.9277504105090312
Peve-Ptuh,OG_05317,0.7931034482758621,0.6912972085385879
Peve-Ptuh,OG_01811,0.7241379310344828,0.5763546798029556
Peve-Ptuh,OG_09123,0.9277504105090312,0.5402298850574713
Peve-Ptuh,OG_07538,0.39080459770114945,0.8981937602627258
Peve-Ptuh,OG_09961,0.47619047619047616,0.6124794745484401
Peve-Ptuh,OG_05200,0.30377668308702793,0.7635467980295566
Peve-Ptuh,OG_05267,0.2955665024630542,0.3251231527093596
Peve-Ptuh,OG_08577,0.32019704433497537,0.9080459770114943
Peve-Ptuh,OG_08574,0.008210180623973728,0.10509031198686371
Peve-Ptuh,OG_01716,0.041050903119868636,0.2955665024630542
Peve-Ptuh,OG_01446,0.003284072249589491,0.8029556650246306
Peve-Ptuh,OG_07864,0.48932676518883417,0.8801313628899836
Peve-Ptuh,OG_03464,0.8571428571428571,0.8784893267651889
Peve-Ptuh,OG_02339,0.6486042692939245,0.2660098522167488
Peve-Ptuh,OG_06106,0.555008210180624,0.25287356321839083
Peve-Ptuh,OG_04547,0.7668308702791461,0.8325123152709359
Peve-Ptuh,OG_06700,0.9737274220032841,0.8111658456486043
Peve-Ptuh,OG_07976,0.7389162561576355,0.21839080459770116
Peve-Ptuh,OG_03685,0.7323481116584565,0.7619047619047619
Peve-Ptuh,OG_01728,0.7011494252873564,0.8883415435139573
Peve-Ptuh,OG_09280,0.6568144499178982,0.5747126436781609
Peve-Ptuh,OG_05218,0.40558292282430214,0.6830870279146142
Peve-Ptuh,OG_05191,0.8341543513957307,0.6535303776683087
Peve-Ptuh,OG_03423,0.09852216748768473,0.6600985221674877
Peve-Ptuh,OG_08601,0.8899835796387521,0.7881773399014779
Peve-Ptuh,OG_04579,0.8177339901477833,0.5172413793103449
Peve-Ptuh,OG_05712,0.367816091954023,0.8341543513957307
Peve-Ptuh,OG_09430,0.3760262725779967,0.9671592775041051
Peve-Ptuh,OG_08822,0.20853858784893267,0.1444991789819376
Peve-Ptuh,OG_00008,0.6912972085385879,0.4039408866995074
Peve-Ptuh,OG_09626,0.026272577996715927,0.2200328407224959
Peve-Ptuh,OG_07643,0.9178981937602627,0.43842364532019706
Peve-Ptuh,OG_08284,0.18555008210180624,0.2594417077175698
Peve-Ptuh,OG_03169,0.6732348111658456,0.6584564860426929
Peve-Ptuh,OG_02606,0.8735632183908046,0.8308702791461412
Peve-Ptuh,OG_01986,0.019704433497536946,0.9014778325123153
Peve-Ptuh,OG_06816,0.08866995073891626,0.09195402298850575
Peve-Ptuh,OG_08249,0.8932676518883416,0.7175697865353038
Peve-Ptuh,OG_07657,0.37110016420361247,0.46798029556650245
Peve-Ptuh,OG_08345,0.35960591133004927,0.09359605911330049
Peve-Ptuh,OG_07404,0.6584564860426929,0.6666666666666666
Peve-Ptuh,OG_03708,0.19704433497536947,0.42036124794745483
Peve-Ptuh,OG_00718,0.25779967159277506,0.27257799671592775
Peve-Ptuh,OG_03180,0.2660098522167488,0.5517241379310345
Peve-Ptuh,OG_00840,0.23809523809523808,0.052545155993431854
Peve-Ptuh,OG_07319,0.6174055829228243,0.24466338259441708
Peve-Ptuh,OG_04102,0.5993431855500821,0.6781609195402298
Peve-Ptuh,OG_06008,0.0755336617405583,0.07881773399014778
Peve-Ptuh,OG_02166,0.2315270935960591,0.4482758620689655
Peve-Ptuh,OG_04460,0.3563218390804598,0.8587848932676518
Peve-Ptuh,OG_10190,0.26929392446633826,0.1724137931034483
Peve-Ptuh,OG_05322,0.054187192118226604,0.8719211822660099
Peve-Ptuh,OG_09251,0.38095238095238093,0.2676518883415435
Peve-Ptuh,OG_06277,0.7947454844006568,0.1330049261083744
Peve-Ptuh,OG_00354,0.27586206896551724,0.5977011494252874
Peve-Ptuh,OG_00355,0.5862068965517241,0.7980295566502463
Peve-Ptuh,OG_02997,0.7471264367816092,0.33169129720853857
Peve-Ptuh,OG_06445,0.8620689655172413,0.6551724137931034
Peve-Ptuh,OG_05713,0.4088669950738916,0.013136288998357963
Peve-Ptuh,OG_06930,0.4220032840722496,0.8866995073891626
Peve-Ptuh,OG_05514,0.7733990147783252,0.180623973727422
Peve-Ptuh,OG_08029,0.9113300492610837,0.3891625615763547
Peve-Ptuh,OG_05080,0.17569786535303777,0.645320197044335
Peve-Ptuh,OG_04560,0.7996715927750411,0.7701149425287356
Peve-Ptuh,OG_10095,0.8981937602627258,0.8669950738916257
Peve-Ptuh,OG_01183,0.7717569786535303,0.28078817733990147
Peve-Ptuh,OG_06683,0.7027914614121511,0.5008210180623974
Peve-Ptuh,OG_09916,0.5878489326765188,0.08045977011494253
Peve-Ptuh,OG_08298,0.6945812807881774,0.4466338259441708
Peve-Ptuh,OG_08297,0.08538587848932677,0.5632183908045977
Peve-Ptuh,OG_07528,0.24466338259441708,0.12807881773399016
Peve-Ptuh,OG_07297,0.4696223316912972,0.3497536945812808
Peve-Ptuh,OG_02488,0.9014778325123153,0.922824302134647
Peve-Ptuh,OG_01641,0.3793103448275862,0.4088669950738916
Peve-Ptuh,OG_06021,0.5697865353037767,0.26929392446633826
Peve-Ptuh,OG_04428,0.6518883415435139,0.10016420361247948
Peve-Ptuh,OG_06399,0.5024630541871922,0.4006568144499179
Peve-Ptuh,OG_08810,0.9261083743842364,0.8456486042692939
Peve-Ptuh,OG_07271,0.27257799671592775,0.9589490968801314
Peve-Ptuh,OG_07270,0.7422003284072249,0.30049261083743845
Peve-Ptuh,OG_08248,0.6830870279146142,0.47783251231527096
Peve-Ptuh,OG_00701,0.34318555008210183,0.9490968801313628
Peve-Ptuh,OG_01761,0.916256157635468,0.5155993431855501
Peve-Ptuh,OG_00161,0.9786535303776683,0.1510673234811166
Peve-Ptuh,OG_08342,0.8210180623973727,0.16091954022988506
Peve-Ptuh,OG_08055,0.009852216748768473,0.6633825944170771
Peve-Ptuh,OG_05183,0.5927750410509032,0.19047619047619047
Peve-Ptuh,OG_09113,0.5582922824302134,0.5566502463054187
Peve-Ptuh,OG_01126,0.7684729064039408,0.44991789819376027
Peve-Ptuh,OG_02930,0.24302134646962234,0.277504105090312
Peve-Ptuh,OG_03249,0.9556650246305419,0.638752052545156
Peve-Ptuh,OG_07476,0.6617405582922824,0.38095238095238093
Peve-Ptuh,OG_06441,0.2512315270935961,0.11658456486042693
Peve-Ptuh,OG_06440,0.36288998357963875,0.43349753694581283
Peve-Ptuh,OG_06309,0.4400656814449918,0.6075533661740559
Peve-Ptuh,OG_00525,0.7635467980295566,0.5648604269293924
Peve-Ptuh,OG_08586,0.3333333333333333,0.5812807881773399
Peve-Ptuh,OG_04906,0.9047619047619048,0.5303776683087028
Peve-Ptuh,OG_06698,0.32348111658456485,0.7389162561576355
Peve-Ptuh,OG_07071,0.3136288998357964,0.5845648604269293
Peve-Ptuh,OG_04897,0.7438423645320197,0.6978653530377669
Peve-Ptuh,OG_03506,0.6436781609195402,0.819376026272578
Peve-Ptuh,OG_04970,0.5517241379310345,0.4302134646962233
Peve-Ptuh,OG_02059,0.5369458128078818,0.6995073891625616
Peve-Ptuh,OG_01406,0.6929392446633826,0.33825944170771755
Peve-Ptuh,OG_02212,0.7569786535303776,0.26108374384236455
Peve-Ptuh,OG_02314,0.07881773399014778,0.6091954022988506
Peve-Ptuh,OG_04702,0.059113300492610835,0.41050903119868637
Peve-Ptuh,OG_04701,0.12807881773399016,0.11330049261083744
Peve-Ptuh,OG_07917,0.8407224958949097,0.7257799671592775
Peve-Ptuh,OG_00714,0.0016420361247947454,0.04926108374384237
Peve-Ptuh,OG_04096,0.5008210180623974,0.5073891625615764
Peve-Ptuh,OG_05863,0.014778325123152709,0.1412151067323481
Peve-Ptuh,OG_01153,0.909688013136289,0.9211822660098522
Peve-Ptuh,OG_01124,0.05582922824302135,0
Peve-Ptuh,OG_01125,0.6223316912972086,0.8834154351395731
Peve-Ptuh,OG_04719,0.6009852216748769,0.21674876847290642
Peve-Ptuh,OG_00087,0.9293924466338259,0.44170771756978655
Peve-Ptuh,OG_03822,0.9835796387520526,0.09688013136288999
Peve-Ptuh,OG_06446,0.30049261083743845,0.016420361247947456
Peve-Ptuh,OG_08636,0.027914614121510674,0.4220032840722496
Peve-Ptuh,OG_01865,0.034482758620689655,0.6157635467980296
Peve-Ptuh,OG_01867,0.22988505747126436,0.6108374384236454
Peve-Ptuh,OG_04848,0.07717569786535304,0.18719211822660098
Peve-Ptuh,OG_08475,0.20032840722495895,0.3563218390804598
Peve-Ptuh,OG_09101,0.7257799671592775,0.722495894909688
Peve-Ptuh,OG_00826,0.2594417077175698,0.6403940886699507
Peve-Ptuh,OG_00841,0.48111658456486045,0.28735632183908044
Peve-Ptuh,OG_01414,0.6371100164203612,0.06403940886699508
Peve-Ptuh,OG_04368,0.40229885057471265,0.535303776683087
Peve-Ptuh,OG_05177,0.33004926108374383,0.3464696223316913
Peve-Ptuh,OG_04111,0.9671592775041051,0.7996715927750411
Peve-Ptuh,OG_05715,0.5747126436781609,0.31198686371100165
Peve-Ptuh,OG_01671,0.6551724137931034,0.3021346469622332
Peve-Ptuh,OG_01946,0.10016420361247948,0.19376026272577998
Peve-Ptuh,OG_00625,0.10180623973727422,0.9655172413793104
Peve-Ptuh,OG_07288,0.8555008210180624,0.8407224958949097
Peve-Ptuh,OG_07486,0.5500821018062397,0.7405582922824302
Peve-Ptuh,OG_00827,0.8243021346469622,0.3366174055829228
Peve-Ptuh,OG_00986,0.11001642036124795,0.2413793103448276
Peve-Ptuh,OG_03228,0.8637110016420362,0.48440065681444994
Peve-Ptuh,OG_10182,0.07060755336617405,0.11822660098522167
Peve-Ptuh,OG_04593,0.08210180623973727,0.3054187192118227
Peve-Ptuh,OG_07575,0.08045977011494253,0.08210180623973727
Peve-Ptuh,OG_04513,0.8850574712643678,0.6798029556650246
Peve-Ptuh,OG_07125,0.4663382594417077,0.5533661740558292
Peve-Ptuh,OG_03197,0.2019704433497537,0.555008210180624
Peve-Ptuh,OG_02855,0.6502463054187192,0.3530377668308703
Peve-Ptuh,OG_02854,0.05090311986863711,0.39901477832512317
Peve-Ptuh,OG_02620,0.4006568144499179,0.6765188834154351
Peve-Ptuh,OG_07710,0.5270935960591133,0.8357963875205254
Peve-Ptuh,OG_04575,0.7372742200328407,0.20361247947454844
Peve-Ptuh,OG_05001,0.04597701149425287,0.10837438423645321
Peve-Ptuh,OG_00621,0.4860426929392447,0.4154351395730706
Peve-Ptuh,OG_00622,0.9802955665024631,0.8144499178981938
Peve-Ptuh,OG_02874,0.6305418719211823,0.7208538587848933
Peve-Ptuh,OG_09441,0.33825944170771755,0.4745484400656814
Peve-Ptuh,OG_10256,0.4482758620689655,0.9802955665024631
Peve-Ptuh,OG_07742,0.2627257799671593,0.21510673234811165
Peve-Ptuh,OG_10269,0.8604269293924466,0.6863711001642037
Peve-Ptuh,OG_04273,0.9376026272577996,0.8472906403940886
Peve-Ptuh,OG_10157,0.23645320197044334,0.014778325123152709
Peve-Ptuh,OG_02455,0.0722495894909688,0.2627257799671593
Peve-Ptuh,OG_01712,0.819376026272578,0.39080459770114945
Peve-Ptuh,OG_05797,0.9064039408866995,0.9441707717569786
Peve-Ptuh,OG_00357,0.5779967159277504,0.41379310344827586
Peve-Ptuh,OG_10249,0.26436781609195403,0.3694581280788177
Peve-Ptuh,OG_03491,0.6748768472906403,0.5238095238095238
Peve-Ptuh,OG_05846,0.6600985221674877,0.7339901477832512
Peve-Ptuh,OG_04147,0.18226600985221675,0.04597701149425287
Peve-Ptuh,OG_07702,0.5238095238095238,0.5862068965517241
Peve-Ptuh,OG_03039,0.361247947454844,0.6420361247947455
Peve-Ptuh,OG_03999,0.6896551724137931,0.5139573070607554
Peve-Ptuh,OG_09223,0.6880131362889984,0.059113300492610835
Peve-Ptuh,OG_02759,0.2200328407224959,0.27586206896551724
Peve-Ptuh,OG_02014,0.8866995073891626,0.8423645320197044
Peve-Ptuh,OG_08781,0.060755336617405585,0.17569786535303777
Peve-Ptuh,OG_06863,0.5467980295566502,0.006568144499178982
Peve-Ptuh,OG_00720,0.12643678160919541,0.30870279146141216
Peve-Ptuh,OG_04995,0.541871921182266,0.5205254515599343
Peve-Ptuh,OG_01312,0.1510673234811166,0.23809523809523808
Peve-Ptuh,OG_00788,0.14614121510673234,0.9376026272577996
Peve-Ptuh,OG_05832,0.23973727422003285,0.3070607553366174
Peve-Ptuh,OG_01768,0.46469622331691296,0.5467980295566502
Peve-Ptuh,OG_09667,0.43349753694581283,0.2889983579638752
Peve-Ptuh,OG_08449,0.42528735632183906,0.5369458128078818
Peve-Ptuh,OG_02381,0.6108374384236454,0.6371100164203612
Peve-Ptuh,OG_09455,0.4318555008210181,0.46469622331691296
Peve-Ptuh,OG_01181,0.06732348111658457,0.12151067323481117
Peve-Ptuh,OG_01828,0.047619047619047616,0.3448275862068966
Peve-Ptuh,OG_03267,0.44991789819376027,0.009852216748768473
Peve-Ptuh,OG_00540,0.825944170771757,0.8177339901477833
Peve-Ptuh,OG_02182,0.3957307060755337,0.458128078817734
Peve-Ptuh,OG_01700,0.5796387520525451,0.49261083743842365
Peve-Ptuh,OG_01243,0.5911330049261084,0.2824302134646962
Peve-Ptuh,OG_00358,0.2134646962233169,0.8752052545155994
Peve-Ptuh,OG_09258,0.5845648604269293,0.34318555008210183
Peve-Ptuh,OG_07605,0.8883415435139573,0.5730706075533661
Peve-Ptuh,OG_01576,0.8325123152709359,0.32676518883415434
Peve-Ptuh,OG_08691,0.8390804597701149,0.9556650246305419
Peve-Ptuh,OG_00852,0.24958949096880131,0.8045977011494253
Peve-Ptuh,OG_08854,0.09359605911330049,0.2939244663382594
Peve-Ptuh,OG_08855,0.05747126436781609,0.38587848932676516
Peve-Ptuh,OG_02884,0.9770114942528736,0.5944170771756979
Peve-Ptuh,OG_06680,0.1724137931034483,0.4663382594417077
Peve-Ptuh,OG_09772,0.3694581280788177,0.9293924466338259
Peve-Ptuh,OG_04480,0.6633825944170771,0.80623973727422
Peve-Ptuh,OG_02242,0.35467980295566504,0.09523809523809523
Peve-Ptuh,OG_04124,0.3070607553366174,0.7274220032840722
Peve-Ptuh,OG_01719,0.15599343185550082,0.9720853858784894
Peve-Ptuh,OG_03233,0.5287356321839081,0.729064039408867
Peve-Ptuh,OG_06641,0.6469622331691297,0.7110016420361248
Peve-Ptuh,OG_06805,0.6157635467980296,0.32348111658456485
Peve-Ptuh,OG_03021,0.9146141215106732,0.6896551724137931
Peve-Ptuh,OG_04297,0.3366174055829228,0.054187192118226604
Peve-Ptuh,OG_04358,0.26108374384236455,0.3579638752052545
Peve-Ptuh,OG_06258,0.4039408866995074,0.1297208538587849
Peve-Ptuh,OG_01155,0.10344827586206896,0.2512315270935961
Peve-Ptuh,OG_06849,0.6995073891625616,0.1625615763546798
Peve-Ptuh,OG_01521,0.3399014778325123,0.4236453201970443
Peve-Ptuh,OG_06604,0.16912972085385877,0.14942528735632185
Peve-Ptuh,OG_06127,0.021346469622331693,0.16912972085385877
Peve-Ptuh,OG_01100,0.3054187192118227,0.04433497536945813
Peve-Ptuh,OG_04990,0.9852216748768473,0.9885057471264368
Peve-Ptuh,OG_03398,0.43842364532019706,0.8374384236453202
Peve-Ptuh,OG_06007,0.22660098522167488,0.011494252873563218
Peve-Ptuh,OG_06564,0.9458128078817734,0.6206896551724138
Peve-Ptuh,OG_01180,0.13136288998357964,0.10673234811165845
Peve-Ptuh,OG_08656,0.729064039408867,0.5878489326765188
Peve-Ptuh,OG_09712,0.7536945812807881,0.7323481116584565
Peve-Ptuh,OG_03241,0.10509031198686371,0.2233169129720854
Peve-Ptuh,OG_00549,0.9244663382594417,0.7553366174055829
Peve-Ptuh,OG_01317,0.16584564860426929,0.090311986863711
Peve-Ptuh,OG_08651,0.7060755336617406,0.5697865353037767
Peve-Ptuh,OG_01594,0.9211822660098522,0.3825944170771757
Peve-Ptuh,OG_01486,0.3185550082101806,0.15270935960591134
Peve-Ptuh,OG_00999,0.09523809523809523,0.08374384236453201
Peve-Ptuh,OG_03042,0.19047619047619047,0.3973727422003284
Peve-Ptuh,OG_03997,0.22167487684729065,0.367816091954023
Peve-Ptuh,OG_08182,0.18883415435139572,0.5681444991789819
Peve-Ptuh,OG_01245,0.9589490968801314,0.8013136288998358
Peve-Ptuh,OG_05414,0.3825944170771757,0.11001642036124795
Peve-Ptuh,OG_02045,0.8078817733990148,0.9343185550082101
Peve-Ptuh,OG_02365,0.20525451559934318,0.7766830870279147
Peve-Ptuh,OG_06814,0.2742200328407225,0.5599343185550082
Peve-Ptuh,OG_05539,0.8587848932676518,0.7454844006568144
Peve-Ptuh,OG_07870,0.7914614121510674,0.3136288998357964
Peve-Ptuh,OG_05654,0.21839080459770116,0.21018062397372742
Peve-Ptuh,OG_03251,0.15270935960591134,0.3727422003284072
Peve-Ptuh,OG_07035,0.9638752052545156,0.7077175697865353
Peve-Ptuh,OG_04277,0.04433497536945813,0.10180623973727422
Peve-Ptuh,OG_09461,0.6666666666666666,0.5123152709359606
Peve-Ptuh,OG_06991,0.2233169129720854,0.3284072249589491
Peve-Ptuh,OG_01103,0.022988505747126436,0.6174055829228243
Peve-Ptuh,OG_03245,0.922824302134647,0.5287356321839081
Peve-Ptuh,OG_03101,0.1330049261083744,0.5829228243021346
Peve-Ptuh,OG_07527,0.03284072249589491,0.13628899835796388
Peve-Ptuh,OG_01326,0.12151067323481117,0.12643678160919541
Peve-Ptuh,OG_02232,0.9326765188834154,0.9064039408866995
Peve-Ptuh,OG_08432,0.3891625615763547,0.9261083743842364
Peve-Ptuh,OG_05709,0.45648604269293924,0.22988505747126436
Peve-Ptuh,OG_08474,0.9704433497536946,0.8292282430213465
Peve-Ptuh,OG_10262,0.4367816091954023,0.8571428571428571
Peve-Ptuh,OG_10305,0.80623973727422,0.027914614121510674
Peve-Ptuh,OG_03263,0.45320197044334976,0.2561576354679803
Peve-Ptuh,OG_01480,0.14942528735632185,0.041050903119868636
Peve-Ptuh,OG_06541,0.09688013136288999,0.8932676518883416
Peve-Ptuh,OG_07572,0.029556650246305417,0.029556650246305417
Peve-Ptuh,OG_09790,0.8801313628899836,0.7832512315270936
Peve-Ptuh,OG_05118,0.21510673234811165,0.03776683087027915
Peve-Ptuh,OG_07875,0.5123152709359606,0.23316912972085385
Peve-Ptuh,OG_01108,0.0361247947454844,0.034482758620689655
Peve-Ptuh,OG_03442,0.090311986863711,0.2791461412151067
Peve-Ptuh,OG_07996,0.13628899835796388,0.047619047619047616
Peve-Ptuh,OG_07514,0.7454844006568144,0.22824302134646962
