species,b,mean_T,power
Apul,0.01,0.013705244686680777,0.22
Apul,0.02,0.024282521532490192,0.6399999999999999
Apul,0.03,0.03413482095057016,0.92
Apul,0.05,0.051784527309207025,1
Apul,0.1,0.10035580633507657,1
Peve,0.01,0.015993404909406223,0.3450000000000001
Peve,0.02,0.026791439309908623,0.77
Peve,0.03,0.03701870911799323,0.985
Peve,0.05,0.05807577008134557,1
Peve,0.1,0.10850660178735208,1
Ptuh,0.01,0.020852922635656218,0.43000000000000005
Ptuh,0.02,0.031091109551158416,0.895
Ptuh,0.03,0.04169103542300377,0.995
Ptuh,0.05,0.06263447785842877,1
Ptuh,0.1,0.11477879322035,1
