feature_id,species,timepoint,z,family
Cluster_3301,Apul,TP1,-0.3311029175344753,miR-2030
Cluster_3301,Apul,TP2,1.4781965150902225,miR-2030
Cluster_3301,Apul,TP3,-0.41960840201055083,miR-2030
Cluster_3301,Apul,TP4,-0.7274851955451959,miR-2030
Cluster_4036,Apul,TP1,0.36303108716608284,miR-2050
Cluster_4036,Apul,TP2,1.181080375024033,miR-2050
Cluster_4036,Apul,TP3,-0.39714409240491616,miR-2050
Cluster_4036,Apul,TP4,-1.146967369785199,miR-2050
Cluster_4752,Apul,TP1,0.9780887084986177,miR-2023
Cluster_4752,Apul,TP2,-1.2463402992780876,miR-2023
Cluster_4752,Apul,TP3,-0.3423187862381051,miR-2023
Cluster_4752,Apul,TP4,0.610570377017575,miR-2023
Cluster_9532,Apul,TP1,0.6352518257589397,miR-2022
Cluster_9532,Apul,TP2,-1.2852167674949926,miR-2022
Cluster_9532,Apul,TP3,-0.280594017148426,miR-2022
Cluster_9532,Apul,TP4,0.9305589588844784,miR-2022
Cluster_14146,Apul,TP1,0.9119451760691197,miR-2025
Cluster_14146,Apul,TP2,-0.9364085340398007,miR-2025
Cluster_14146,Apul,TP3,-0.7912593991481065,miR-2025
Cluster_14146,Apul,TP4,0.815722757118784,miR-2025
Cluster_15097,Apul,TP1,-0.4486873326065715,miR-2037
Cluster_15097,Apul,TP2,1.470059747920318,miR-2037
Cluster_15097,Apul,TP3,-0.26985098419388526,miR-2037
Cluster_15097,Apul,TP4,-0.7515214311198604,miR-2037
Cluster_17192,Apul,TP1,1.1034553494420105,miR-100
Cluster_17192,Apul,TP2,-1.2222386418135927,miR-100
Cluster_17192,Apul,TP3,-0.31575116593524477,miR-100
Cluster_17192,Apul,TP4,0.43453445830682785,miR-100
Cluster_17245,Apul,TP1,-0.47482360345109714,miR-2036
Cluster_17245,Apul,TP2,1.4075949445408356,miR-2036
Cluster_17245,Apul,TP3,-0.8895805608316159,miR-2036
Cluster_17245,Apul,TP4,-0.0431907802581219,miR-2036
Cluster_670,Peve,TP1,-0.45054973526331366,miR-2022
Cluster_670,Peve,TP2,-0.1977564993857918,miR-2022
Cluster_670,Peve,TP3,1.452813122831611,miR-2022
Cluster_670,Peve,TP4,-0.8045068881825049,miR-2022
Cluster_1004,Peve,TP1,-0.24062108749082195,miR-100
Cluster_1004,Peve,TP2,-0.24891135263256542,miR-100
Cluster_1004,Peve,TP3,1.419569102637911,miR-100
Cluster_1004,Peve,TP4,-0.9300366625145251,miR-100
Cluster_4968,Peve,TP1,-0.10395932632473463,miR-2036
Cluster_4968,Peve,TP2,-1.2794720413592937,miR-2036
Cluster_4968,Peve,TP3,1.1362393498621364,miR-2036
Cluster_4968,Peve,TP4,0.24719201782189307,miR-2036
Cluster_5613,Peve,TP1,-0.24558517411037056,miR-2030
Cluster_5613,Peve,TP2,0.10901821512473164,miR-2030
Cluster_5613,Peve,TP3,1.2762730663446484,miR-2030
Cluster_5613,Peve,TP4,-1.1397061073590093,miR-2030
Cluster_6242,Peve,TP1,0.043009002157741005,miR-2023
Cluster_6242,Peve,TP2,-0.7213972824666731,miR-2023
Cluster_6242,Peve,TP3,1.3992957525371752,miR-2023
Cluster_6242,Peve,TP4,-0.7209074722282433,miR-2023
Cluster_13926,Peve,TP1,-0.08453380034532236,miR-2025
Cluster_13926,Peve,TP2,0.5643680491972669,miR-2025
Cluster_13926,Peve,TP3,0.8912818608234825,miR-2025
Cluster_13926,Peve,TP4,-1.3711161096754276,miR-2025
Cluster_4,Ptuh,TP1,-0.19280747974809517,miR-2050
Cluster_4,Ptuh,TP2,1.465764557115597,miR-2050
Cluster_4,Ptuh,TP3,-0.5909281355741224,miR-2050
Cluster_4,Ptuh,TP4,-0.6820289417933793,miR-2050
Cluster_1159,Ptuh,TP1,-0.6704928131929632,miR-2036
Cluster_1159,Ptuh,TP2,1.3904143115356027,miR-2036
Cluster_1159,Ptuh,TP3,-0.7830706331527784,miR-2036
Cluster_1159,Ptuh,TP4,0.06314913481013965,miR-2036
Cluster_1345,Ptuh,TP1,0.7394353164795319,miR-100
Cluster_1345,Ptuh,TP2,0.6946523553889412,miR-100
Cluster_1345,Ptuh,TP3,-0.03060746139073905,miR-100
Cluster_1345,Ptuh,TP4,-1.4034802104777342,miR-100
Cluster_1827,Ptuh,TP1,1.3406955529009568,miR-2023
Cluster_1827,Ptuh,TP2,-1.0325421288922492,miR-2023
Cluster_1827,Ptuh,TP3,-0.3649237183028951,miR-2023
Cluster_1827,Ptuh,TP4,0.0567702942941883,miR-2023
Cluster_3017,Ptuh,TP1,1.0670782214174819,miR-2030
Cluster_3017,Ptuh,TP2,0.6382015176235873,miR-2030
Cluster_3017,Ptuh,TP3,-0.8474727577806797,miR-2030
Cluster_3017,Ptuh,TP4,-0.85780698126039,miR-2030
Cluster_4092,Ptuh,TP1,1.3028792552535793,miR-2025
Cluster_4092,Ptuh,TP2,-1.0979098463079358,miR-2025
Cluster_4092,Ptuh,TP3,-0.2975403200138771,miR-2025
Cluster_4092,Ptuh,TP4,0.09257091106823404,miR-2025
Cluster_5226,Ptuh,TP1,0.4966519269248571,miR-2037
Cluster_5226,Ptuh,TP2,1.0577132135757372,miR-2037
Cluster_5226,Ptuh,TP3,-0.31536327317221113,miR-2037
Cluster_5226,Ptuh,TP4,-1.2390018673283842,miR-2037
