species,sample_id,lib_size,top10_frac,colony,site,timepoint,composition_outlier_iqr
Apul,ACR-139-TP1,15306217.69,0.05981136872227511,ACR-139,Manava,TP1,FALSE
Apul,ACR-139-TP2,17365469.59,0.06450425623071215,ACR-139,Manava,TP2,FALSE
Apul,ACR-139-TP3,15877727.59,0.06525105649579922,ACR-139,Manava,TP3,FALSE
Apul,ACR-139-TP4,17054060.91,0.05111090576021638,ACR-139,Manava,TP4,FALSE
Apul,ACR-145-TP1,17093290.1,0.0661355024917058,ACR-145,Manava,TP1,FALSE
Apul,ACR-145-TP2,12956040.84,0.10984118818199094,ACR-145,Manava,TP2,TRUE
Apul,ACR-145-TP3,15493614.44,0.10712436574612476,ACR-145,Manava,TP3,FALSE
Apul,ACR-145-TP4,13083027.64,0.078342082444763525,ACR-145,Manava,TP4,FALSE
Apul,ACR-150-TP1,15130178.45,0.08164428225894454,ACR-150,Manava,TP1,FALSE
Apul,ACR-150-TP2,17398363.97,0.07922993980220774,ACR-150,Manava,TP2,FALSE
Apul,ACR-150-TP3,16061033.68,0.05862905145218524,ACR-150,Manava,TP3,FALSE
Apul,ACR-150-TP4,19523085.82,0.06182113530247239,ACR-150,Manava,TP4,FALSE
Apul,ACR-173-TP1,12107580.12,0.06590487051016104,ACR-173,Manava,TP1,FALSE
Apul,ACR-173-TP2,13644696.89,0.056705748485117134,ACR-173,Manava,TP2,FALSE
Apul,ACR-173-TP3,16135199.04,0.07916942932239156,ACR-173,Manava,TP3,FALSE
Apul,ACR-173-TP4,12809822.6,0.07392716195773077,ACR-173,Manava,TP4,FALSE
Apul,ACR-186-TP1,10675966.07,0.08219025746678867,ACR-186,Manava,TP1,FALSE
Apul,ACR-186-TP2,15747513.14,0.07209647579947978,ACR-186,Manava,TP2,FALSE
Apul,ACR-186-TP3,11512374.26,0.0947475937947834,ACR-186,Manava,TP3,FALSE
Apul,ACR-186-TP4,17133560.97,0.05747456712146629,ACR-186,Manava,TP4,FALSE
Apul,ACR-225-TP1,13529730.02,0.07066604053345331,ACR-225,Mahana,TP1,FALSE
Apul,ACR-225-TP2,14615551.24,0.11001452997540173,ACR-225,Mahana,TP2,TRUE
Apul,ACR-225-TP3,17062109.64,0.06438907750448614,ACR-225,Mahana,TP3,FALSE
Apul,ACR-225-TP4,12001409.03,0.074234950060693,ACR-225,Mahana,TP4,FALSE
Apul,ACR-229-TP1,20262652.07,0.06818932315605812,ACR-229,Mahana,TP1,FALSE
Apul,ACR-229-TP2,16180390.04,0.09261352762791619,ACR-229,Mahana,TP2,FALSE
Apul,ACR-229-TP3,15273665.12,0.058895621511439816,ACR-229,Mahana,TP3,FALSE
Apul,ACR-229-TP4,16026611.08,0.08266895561304155,ACR-229,Mahana,TP4,FALSE
Apul,ACR-237-TP1,18167058.47,0.06666782308209306,ACR-237,Mahana,TP1,FALSE
Apul,ACR-237-TP2,12670726.49,0.094107158018214,ACR-237,Mahana,TP2,FALSE
Apul,ACR-237-TP3,17678711.89,0.06558695436718269,ACR-237,Mahana,TP3,FALSE
Apul,ACR-237-TP4,19355151.57,0.0760514793529979,ACR-237,Mahana,TP4,FALSE
Apul,ACR-244-TP1,10440862.13,0.07435393651730941,ACR-244,Mahana,TP1,FALSE
Apul,ACR-244-TP2,17570399.79,0.10327047316434455,ACR-244,Mahana,TP2,FALSE
Apul,ACR-244-TP3,18829778.11,0.06073398705599511,ACR-244,Mahana,TP3,FALSE
Apul,ACR-244-TP4,15625758.55,0.10086106059791894,ACR-244,Mahana,TP4,FALSE
Apul,ACR-265-TP1,21195140.89,0.061184268919478736,ACR-265,Mahana,TP1,FALSE
Apul,ACR-265-TP2,17404414.8,0.09472452931884845,ACR-265,Mahana,TP2,FALSE
Apul,ACR-265-TP3,15390740.32,0.07161131804477096,ACR-265,Mahana,TP3,FALSE
Apul,ACR-265-TP4,18283988.28,0.07617314552336826,ACR-265,Mahana,TP4,FALSE
Peve,POR-216-TP1,12941236,0.07678810586562211,POR-216,Mahana,TP1,FALSE
Peve,POR-216-TP2,9929659.01,0.0959263554811637,POR-216,Mahana,TP2,FALSE
Peve,POR-216-TP3,5637268.24,0.14620006799605476,POR-216,Mahana,TP3,FALSE
Peve,POR-216-TP4,4839018.15,0.17394086442928508,POR-216,Mahana,TP4,FALSE
Peve,POR-236-TP1,9839194.34,0.10719536209506357,POR-236,Mahana,TP1,FALSE
Peve,POR-236-TP2,4881962.39,0.1900229714797127,POR-236,Mahana,TP2,FALSE
Peve,POR-245-TP1,10021952.75,0.09000980372812074,POR-245,Mahana,TP1,FALSE
Peve,POR-245-TP2,4053626.51,0.18713761569513715,POR-245,Mahana,TP2,FALSE
Peve,POR-245-TP3,5099082.84,0.18676339253197935,POR-245,Mahana,TP3,FALSE
Peve,POR-245-TP4,10199188.57,0.07523725978134356,POR-245,Mahana,TP4,FALSE
Peve,POR-260-TP1,13140275.15,0.07732859383846312,POR-260,Mahana,TP1,FALSE
Peve,POR-260-TP2,5313144.93,0.15755357910027876,POR-260,Mahana,TP2,FALSE
Peve,POR-260-TP3,6785761.02,0.13413513934801083,POR-260,Mahana,TP3,FALSE
Peve,POR-260-TP4,7976338.91,0.1176276498010539,POR-260,Mahana,TP4,FALSE
Peve,POR-262-TP1,9765982.87,0.10854749738056832,POR-262,Mahana,TP1,FALSE
Peve,POR-262-TP2,10238530.37,0.08706972268325655,POR-262,Mahana,TP2,FALSE
Peve,POR-262-TP3,8564850.1,0.1340529007040065,POR-262,Mahana,TP3,FALSE
Peve,POR-262-TP4,5850892.45,0.13410723350418105,POR-262,Mahana,TP4,FALSE
Peve,POR-69-TP1,8227203.26,0.11497515864218481,POR-69,Manava,TP1,FALSE
Peve,POR-69-TP2,7715715.47,0.11650960996362403,POR-69,Manava,TP2,FALSE
Peve,POR-69-TP3,5202650.18,0.17888806046921266,POR-69,Manava,TP3,FALSE
Peve,POR-69-TP4,4634157.66,0.16261466598441107,POR-69,Manava,TP4,FALSE
Peve,POR-72-TP1,8906167.94,0.0874117808292755,POR-72,Manava,TP1,FALSE
Peve,POR-72-TP2,9337616.48,0.07948334583987968,POR-72,Manava,TP2,FALSE
Peve,POR-72-TP3,9730883.43,0.10042572260060462,POR-72,Manava,TP3,FALSE
Peve,POR-72-TP4,11682660.72,0.08526884618797693,POR-72,Manava,TP4,FALSE
Peve,POR-73-TP1,6137658.45,0.13680428893856092,POR-73,Manava,TP1,FALSE
Peve,POR-73-TP2,5344879.1,0.1963992038659958,POR-73,Manava,TP2,FALSE
Peve,POR-73-TP3,3014919.31,0.26611458467191945,POR-73,Manava,TP3,TRUE
Peve,POR-73-TP4,5176902.74,0.14286457311345974,POR-73,Manava,TP4,FALSE
Peve,POR-74-TP1,9824591.72,0.09267204439107216,POR-74,Manava,TP1,FALSE
Peve,POR-74-TP2,4055880.31,0.16188569183886986,POR-74,Manava,TP2,FALSE
Peve,POR-74-TP3,7819750.22,0.14342235601484468,POR-74,Manava,TP3,FALSE
Peve,POR-74-TP4,4145671.63,0.1869390702321496,POR-74,Manava,TP4,FALSE
Peve,POR-83-TP1,6949021.02,0.09609727731115714,POR-83,Manava,TP1,FALSE
Peve,POR-83-TP2,7322724.51,0.10908275996306735,POR-83,Manava,TP2,FALSE
Peve,POR-83-TP3,4397706.97,0.1809067783340735,POR-83,Manava,TP3,FALSE
Peve,POR-83-TP4,5947653.01,0.16266903909379207,POR-83,Manava,TP4,FALSE
Ptuh,POC-201-TP1,16657665.12,0.07339075801999315,POC-201,Mahana,TP1,FALSE
Ptuh,POC-201-TP2,15412451.36,0.10642964066424797,POC-201,Mahana,TP2,FALSE
Ptuh,POC-201-TP3,7098261.13,0.11258832062719565,POC-201,Mahana,TP3,TRUE
Ptuh,POC-219-TP1,15030762.68,0.06922356650500984,POC-219,Mahana,TP1,FALSE
Ptuh,POC-219-TP2,11733298.04,0.07792012074381774,POC-219,Mahana,TP2,FALSE
Ptuh,POC-219-TP3,4219619.31,0.10744737064917831,POC-219,Mahana,TP3,FALSE
Ptuh,POC-219-TP4,11281235.01,0.08993261811323618,POC-219,Mahana,TP4,FALSE
Ptuh,POC-222-TP1,16079048.17,0.06934641393017234,POC-222,Mahana,TP1,FALSE
Ptuh,POC-222-TP2,14882612.31,0.08541123718890989,POC-222,Mahana,TP2,FALSE
Ptuh,POC-222-TP3,20435258.78,0.07189960331884772,POC-222,Mahana,TP3,FALSE
Ptuh,POC-222-TP4,11780940.03,0.08771642987473896,POC-222,Mahana,TP4,FALSE
Ptuh,POC-255-TP1,14551774.99,0.076625514809448,POC-255,Mahana,TP1,FALSE
Ptuh,POC-255-TP2,14070482.45,0.0797988984379139,POC-255,Mahana,TP2,FALSE
Ptuh,POC-255-TP3,10958543.97,0.1272269385254837,POC-255,Mahana,TP3,TRUE
Ptuh,POC-255-TP4,16277043.05,0.0789768292712109,POC-255,Mahana,TP4,FALSE
Ptuh,POC-259-TP1,11740971.84,0.06214204496380089,POC-259,Mahana,TP1,FALSE
Ptuh,POC-259-TP2,14551583.97,0.06842470565766182,POC-259,Mahana,TP2,FALSE
Ptuh,POC-259-TP3,14468129.1,0.08128950687895092,POC-259,Mahana,TP3,FALSE
Ptuh,POC-259-TP4,15720557.65,0.06519259830455187,POC-259,Mahana,TP4,FALSE
Ptuh,POC-40-TP1,13103143.24,0.07803983679873136,POC-40,Manava,TP1,FALSE
Ptuh,POC-40-TP2,15438933.5,0.08898889227031129,POC-40,Manava,TP2,FALSE
Ptuh,POC-40-TP3,15385902.99,0.07512760224416312,POC-40,Manava,TP3,FALSE
Ptuh,POC-40-TP4,14601843.98,0.07269366125633675,POC-40,Manava,TP4,FALSE
Ptuh,POC-42-TP1,12333828.32,0.07839217839866933,POC-42,Manava,TP1,FALSE
Ptuh,POC-42-TP2,16145209.61,0.08252843674291573,POC-42,Manava,TP2,FALSE
Ptuh,POC-42-TP3,14512374.29,0.08810312320024927,POC-42,Manava,TP3,FALSE
Ptuh,POC-42-TP4,8173943.08,0.11008606631990395,POC-42,Manava,TP4,FALSE
Ptuh,POC-52-TP1,2780671.42,0.10395546842424122,POC-52,Manava,TP1,FALSE
Ptuh,POC-52-TP2,14642080.42,0.0918596006454662,POC-52,Manava,TP2,FALSE
Ptuh,POC-52-TP3,13602313.73,0.07919660003313274,POC-52,Manava,TP3,FALSE
Ptuh,POC-52-TP4,15960194.11,0.06401707854917812,POC-52,Manava,TP4,FALSE
Ptuh,POC-53-TP1,14109879.75,0.06409220673904042,POC-53,Manava,TP1,FALSE
Ptuh,POC-53-TP2,13615642.85,0.07500846719110292,POC-53,Manava,TP2,FALSE
Ptuh,POC-53-TP3,16393545.14,0.07389268090916422,POC-53,Manava,TP3,FALSE
Ptuh,POC-53-TP4,12593437.95,0.08792412400777344,POC-53,Manava,TP4,FALSE
Ptuh,POC-57-TP1,13958219.57,0.07346404925481481,POC-57,Manava,TP1,FALSE
Ptuh,POC-57-TP2,9610136.959999999,0.08579940467362497,POC-57,Manava,TP2,FALSE
Ptuh,POC-57-TP3,17878525.43,0.08243560162556426,POC-57,Manava,TP3,FALSE
Ptuh,POC-57-TP4,18102948.89,0.06749944483768577,POC-57,Manava,TP4,FALSE
