species,held_out,training_colonies,distinct_permutations
Apul,ACR-139,9,2880
Apul,ACR-145,9,2880
Apul,ACR-150,9,2880
Apul,ACR-173,9,2880
Apul,ACR-186,9,2880
Apul,ACR-225,9,2880
Apul,ACR-229,9,2880
Apul,ACR-237,9,2880
Apul,ACR-244,9,2880
Apul,ACR-265,9,2880
Peve,POR-216,9,2880
Peve,POR-236,9,2880
Peve,POR-245,9,2880
Peve,POR-260,9,2880
Peve,POR-262,9,2880
Peve,POR-69,9,2880
Peve,POR-72,9,2880
Peve,POR-73,9,2880
Peve,POR-74,9,2880
Peve,POR-83,9,2880
Ptuh,POC-201,9,2880
Ptuh,POC-219,9,2880
Ptuh,POC-222,9,2880
Ptuh,POC-255,9,2880
Ptuh,POC-259,9,2880
Ptuh,POC-40,9,2880
Ptuh,POC-42,9,2880
Ptuh,POC-52,9,2880
Ptuh,POC-53,9,2880
Ptuh,POC-57,9,2880
