species,module,trait,n,slope,slope_lo,slope_hi,p,fdr,significant
Apul,11,cells.cm2,39,0.007460795766776199,-0.0408197093852703,0.05574130091882269,0.7639123225142622,0.9585549784022487,FALSE
Apul,11,chla.ug.cm2,39,-0.008781254329856502,-0.05710922368947355,0.03954671502976055,0.7240361047456897,0.9585549784022487,FALSE
Apul,11,calc.umol.cm2.hr,38,-0.003001379726164032,-0.05128915132283975,0.04528639187051169,0.9038842200994437,0.9585549784022487,FALSE
Apul,11,Host_AFDW.mg.cm2,39,-0.018683528518660182,-0.06670233082703048,0.029335273789710112,0.4511531774688845,0.9585549784022487,FALSE
Apul,4,cells.cm2,39,0.0350835873802265,-0.013550382785371323,0.08371755754582433,0.1665474454761274,0.717435149743318,FALSE
Apul,4,chla.ug.cm2,39,-0.006417045659890822,-0.05654664496065115,0.0437125536408695,0.8034049406487681,0.9585549784022487,FALSE
Apul,4,calc.umol.cm2.hr,38,-0.024150943073455226,-0.07410669048240877,0.02580480433549832,0.35096296825216744,0.9585549784022487,FALSE
Apul,4,Host_AFDW.mg.cm2,39,0.04779533122725592,8.752871700823395e-5,0.0955031337375036,0.057709764469077565,0.36677169023974654,FALSE
Apul,8,cells.cm2,39,0.013293524895177334,-0.03880102724768799,0.06538807703804266,0.6199347855237909,0.9585549784022487,FALSE
Apul,8,chla.ug.cm2,39,-0.011326792092049119,-0.0634695734469445,0.040815989262846256,0.6727520801247273,0.9585549784022487,FALSE
Apul,8,calc.umol.cm2.hr,38,-0.08126268557307573,-0.1270148406204799,-0.03551053052567153,0.0013267710801494281,0.03714959024418399,TRUE
Apul,8,Host_AFDW.mg.cm2,39,0.06730726854670466,0.019744658561110157,0.11486987853229916,0.008666590084501248,0.12133226118301747,FALSE
Apul,6,cells.cm2,39,0.0028951106242075205,-0.0493669172877104,0.05515713853612544,0.9141268387518268,0.9585549784022487,FALSE
Apul,6,chla.ug.cm2,39,-0.002168118965748212,-0.054433802994474596,0.05009756506297817,0.9356380200494205,0.9585549784022487,FALSE
Apul,6,calc.umol.cm2.hr,38,0.011291645420575792,-0.04216356145274091,0.06474685229389249,0.6813200324471653,0.9585549784022487,FALSE
Apul,6,Host_AFDW.mg.cm2,39,-0.024362004776116823,-0.07603956220154037,0.027315552649306733,0.3614874207216283,0.9585549784022487,FALSE
Apul,1,cells.cm2,39,0.014770003402186717,-0.0372832426811813,0.06682324948555474,0.5814659366093351,0.9585549784022487,FALSE
Apul,1,chla.ug.cm2,39,0.0059702976215158955,-0.04626464328251971,0.0582052385255515,0.8239756935200704,0.9585549784022487,FALSE
Apul,1,calc.umol.cm2.hr,38,0.08259731991302788,0.03653722208070653,0.12865741774534922,0.0012082968695264265,0.03714959024418399,TRUE
Apul,1,Host_AFDW.mg.cm2,39,-0.016916123480643346,-0.06890150813434834,0.03506926117306165,0.5275474904253219,0.9585549784022487,FALSE
Apul,2,cells.cm2,39,0.014906355570608001,-0.03714285493105344,0.06695556607226943,0.5779680473701687,0.9585549784022487,FALSE
Apul,2,chla.ug.cm2,39,-0.006354711395107132,-0.05858494351138295,0.04587552072116868,0.8128374050919872,0.9585549784022487,FALSE
Apul,2,calc.umol.cm2.hr,38,0.050446496196807515,-2.469082015938012e-4,0.10113990059520883,0.05894545021710212,0.36677169023974654,FALSE
Apul,2,Host_AFDW.mg.cm2,39,-0.015527757866950449,-0.06755810311981983,0.036502587385918925,0.5621485244830058,0.9585549784022487,FALSE
Apul,3,cells.cm2,39,-0.016456151822073484,-0.06845686273183345,0.03554455908768647,0.538894635137964,0.9585549784022487,FALSE
Apul,3,chla.ug.cm2,39,0.0033072870701838556,-0.04895220143927546,0.05556677557964317,0.9019565829354601,0.9585549784022487,FALSE
Apul,3,calc.umol.cm2.hr,38,-0.07577914942811316,-0.12308269678624709,-0.02847560206997924,0.003369536780694641,0.06289801990629997,FALSE
Apul,3,Host_AFDW.mg.cm2,39,0.018306880426655698,-0.03362956407612526,0.07024332492943666,0.49396508571206643,0.9585549784022487,FALSE
Apul,13,cells.cm2,39,0.004536645684520722,-0.023113393232690634,0.03218668460173208,0.7500998144939416,0.9585549784022487,FALSE
Apul,13,chla.ug.cm2,39,-0.002640994345344919,-0.030249934611915247,0.024967945921225407,0.8525951979267615,0.9585549784022487,FALSE
Apul,13,calc.umol.cm2.hr,38,0.010990831871687985,-0.015684783378519675,0.037666447121895645,0.42633319169420636,0.9585549784022487,FALSE
Apul,13,Host_AFDW.mg.cm2,39,0.017658597835791646,-0.009703083467948147,0.04502027913953144,0.21599486344248045,0.7559820220486816,FALSE
Apul,14,cells.cm2,39,-0.013273362448927826,-0.03307290901407742,0.006526184116221766,0.19940359973345612,0.7559820220486816,FALSE
Apul,14,chla.ug.cm2,39,3.070449956786391e-4,-0.020228231339957086,0.020842321331314365,0.9768255963277377,0.9768255963277377,FALSE
Apul,14,calc.umol.cm2.hr,38,-0.014247987481129746,-0.03353458115816788,0.0050386061959083895,0.15908377226489745,0.717435149743318,FALSE
Apul,14,Host_AFDW.mg.cm2,39,7.867350323735307e-4,-0.020018951435005476,0.02159242149975254,0.9414379252164944,0.9585549784022487,FALSE
Apul,5,cells.cm2,39,-0.0214873021423458,-0.07243914217092212,0.02946453788623052,0.4141116976144892,0.9585549784022487,FALSE
Apul,5,chla.ug.cm2,39,0.0070833532517420635,-0.044487922154360315,0.058654628657844446,0.7893435203101249,0.9585549784022487,FALSE
Apul,5,calc.umol.cm2.hr,38,0.01434212560745891,-0.038033656115413136,0.06671790733033095,0.5954232950550558,0.9585549784022487,FALSE
Apul,5,Host_AFDW.mg.cm2,39,-0.007287022760225866,-0.05893065950633804,0.044356613985886306,0.7837145487224418,0.9585549784022487,FALSE
Apul,10,cells.cm2,39,-0.004876043504943152,-0.05712277826379255,0.04737069125390624,0.8558609787990609,0.9585549784022487,FALSE
Apul,10,chla.ug.cm2,39,0.007026812581596821,-0.04519447989708418,0.05924810506027782,0.7934516257748845,0.9585549784022487,FALSE
Apul,10,calc.umol.cm2.hr,38,0.0619492706804478,0.012281681995017453,0.11161685936587815,0.019526727359802445,0.18224945535815618,FALSE
Apul,10,Host_AFDW.mg.cm2,39,-0.03895796080611427,-0.08965574119676503,0.011739819584536487,0.14064289988184678,0.7160002175803108,FALSE
Apul,7,cells.cm2,39,0.009619137320836094,-0.03120246802717474,0.050440742668846926,0.6475117526905682,0.9585549784022487,FALSE
Apul,7,chla.ug.cm2,39,0.003121962260545958,-0.03781148003011065,0.04405540455120257,0.8821673557055838,0.9585549784022487,FALSE
Apul,7,calc.umol.cm2.hr,38,0.03516575065933284,-0.0033207230244235234,0.07365222434308921,0.0842258687952029,0.4716648652531362,FALSE
Apul,7,Host_AFDW.mg.cm2,39,0.013357082953594362,-0.027613915139723062,0.05432808104691179,0.5276228862079674,0.9585549784022487,FALSE
Apul,9,cells.cm2,39,0.02265616532253695,-0.012424984113618715,0.05773731475869262,0.21555296094784676,0.7559820220486816,FALSE
Apul,9,chla.ug.cm2,39,0.011100422163093763,-0.024665143445023453,0.04686598777121098,0.5476619240459688,0.9585549784022487,FALSE
Apul,9,calc.umol.cm2.hr,38,0.04127704994024127,0.009231450173620231,0.07332264970686231,0.017656184842257894,0.18224945535815618,FALSE
Apul,9,Host_AFDW.mg.cm2,39,0.012429747956297484,-0.023498653376571275,0.04835814928916624,0.5030144830694827,0.9585549784022487,FALSE
Apul,12,cells.cm2,39,0.018643112025838106,-0.017999102708023886,0.0552853267597001,0.32675905832851615,0.9585549784022487,FALSE
Apul,12,chla.ug.cm2,39,0.009402257804479413,-0.02774564064541904,0.04655015625437786,0.6235109003964041,0.9585549784022487,FALSE
Apul,12,calc.umol.cm2.hr,38,0.040979900020575326,0.007609400988229702,0.07435039905292096,0.023022641929907568,0.18418113543926054,FALSE
Apul,12,Host_AFDW.mg.cm2,39,0.012808424992777399,-0.024578255408462292,0.050195105394017094,0.5070825756116338,0.9585549784022487,FALSE
Peve,36,cells.cm2,38,0.016232152171795508,-0.03695350252166422,0.06941780686525523,0.5535096668496396,0.9879492480841572,FALSE
Peve,36,chla.ug.cm2,38,0.026974190654836576,-0.029574154896395623,0.08352253620606878,0.3564840190242504,0.9704067502435929,FALSE
Peve,36,calc.umol.cm2.hr,38,0.009094797799919499,-0.041975675244064904,0.060165270843903905,0.7296000219157179,0.9879492480841572,FALSE
Peve,36,Host_AFDW.mg.cm2,37,0.00872205947162911,-0.0463496624388318,0.06379378138209002,0.7580903585666567,0.9879492480841572,FALSE
Peve,50,cells.cm2,38,-0.003788096088647928,-0.05709803449955885,0.049521842322263,0.8900146990744804,0.9879492480841572,FALSE
Peve,50,chla.ug.cm2,38,0.010585617219094267,-0.04555809819742626,0.0667293326356148,0.7141218666395661,0.9879492480841572,FALSE
Peve,50,calc.umol.cm2.hr,38,0.013715715605697528,-0.03667343785469472,0.06410486906608978,0.5977862310310715,0.9879492480841572,FALSE
Peve,50,Host_AFDW.mg.cm2,37,0.009052142314311186,-0.04587635593390394,0.06398064056252631,0.7486203655437007,0.9879492480841572,FALSE
Peve,10,cells.cm2,38,0.01488334767908395,-0.036297405981842515,0.06606410134001041,0.5723850791765563,0.9879492480841572,FALSE
Peve,10,chla.ug.cm2,38,0.017167331069213046,-0.03818571533826273,0.07252037747668882,0.5471682509953031,0.9879492480841572,FALSE
Peve,10,calc.umol.cm2.hr,38,-0.012401685364110246,-0.05960246701976147,0.03479909629154098,0.6105685895952864,0.9879492480841572,FALSE
Peve,10,Host_AFDW.mg.cm2,37,0.028299255963301326,-0.024038824561839856,0.08063733648844251,0.29667684615489803,0.9704067502435929,FALSE
Peve,43,cells.cm2,38,-0.008583612362138131,-0.06221304531177636,0.045045820587500104,0.7555591867694644,0.9879492480841572,FALSE
Peve,43,chla.ug.cm2,38,0.022240329054645836,-0.030968667156930262,0.07544932526622193,0.41804754728590865,0.9704067502435929,FALSE
Peve,43,calc.umol.cm2.hr,38,-0.044273191983361306,-0.09599185084604753,0.007445466879324916,0.1020475499581277,0.7178517307399328,FALSE
Peve,43,Host_AFDW.mg.cm2,37,0.010999988434703371,-0.04379143526110814,0.06579141213051488,0.6963484487015525,0.9879492480841572,FALSE
Peve,13,cells.cm2,38,0.06669325221832303,0.017419470122613828,0.11596703431403224,0.011849720949997316,0.24173430737994522,FALSE
Peve,13,chla.ug.cm2,38,0.022380543524963055,-0.03136787633748018,0.0761289633874063,0.42178073108770386,0.9704067502435929,FALSE
Peve,13,calc.umol.cm2.hr,38,0.004124994843392777,-0.04952019309355623,0.05777018278034179,0.8812401935016088,0.9879492480841572,FALSE
Peve,13,Host_AFDW.mg.cm2,37,0.02038526277398187,-0.0343976767696724,0.07516820231763613,0.47082164982119734,0.9704067502435929,FALSE
Peve,44,cells.cm2,38,-1.1082724295221239e-4,-0.014399016090997283,0.014177361605092857,0.9879811059358474,0.9914956015030384,FALSE
Peve,44,chla.ug.cm2,38,-0.011738268598190096,-0.028058371305263133,0.004581834108882939,0.16977523230385638,0.9360580375672081,FALSE
Peve,44,calc.umol.cm2.hr,38,-0.002947713074901185,-0.01512999232978398,0.009234566179981609,0.6391294762987816,0.9879492480841572,FALSE
Peve,44,Host_AFDW.mg.cm2,37,-0.001574158561277726,-0.01571914501545635,0.012570827892900895,0.8290174710542226,0.9879492480841572,FALSE
Peve,30,cells.cm2,38,-5.781271852494693e-4,-0.011773051392207263,0.010616797021708323,0.9201212784259838,0.9879492480841572,FALSE
Peve,30,chla.ug.cm2,38,-0.002542816302923506,-0.015838118946426536,0.010752486340579523,0.7106473877513872,0.9879492480841572,FALSE
Peve,30,calc.umol.cm2.hr,38,0.011097340346150446,0.0024839574021473243,0.019710723290153567,0.0177360409271269,0.27831941147183753,FALSE
Peve,30,Host_AFDW.mg.cm2,37,-2.0274542643557085e-4,-0.01123721895988151,0.010831728107010366,0.9715456551516686,0.9909765682547019,FALSE
Peve,42,cells.cm2,38,-0.009359531919318346,-0.02054053687603514,0.001821473037398446,0.11238198967961505,0.7641975298213823,FALSE
Peve,42,chla.ug.cm2,38,-0.005997484103511294,-0.019783357815016982,0.007788389607994394,0.40120572041574865,0.9704067502435929,FALSE
Peve,42,calc.umol.cm2.hr,38,-0.004904591791807434,-0.014776286342614875,0.004967102759000008,0.33879911596512047,0.9704067502435929,FALSE
Peve,42,Host_AFDW.mg.cm2,37,-0.007859669769290185,-0.019793950458041276,0.004074610919460908,0.20803302324719591,0.9704067502435929,FALSE
Peve,21,cells.cm2,38,0.009738619196952791,-0.017208329627642335,0.03668556802154792,0.48458814734945865,0.9704067502435929,FALSE
Peve,21,chla.ug.cm2,38,-0.00504839652671042,-0.03707044385488435,0.02697365080146351,0.7594863503307325,0.9879492480841572,FALSE
Peve,21,calc.umol.cm2.hr,38,-0.008306046605667606,-0.03162805126645193,0.015015958055116714,0.4911044579235212,0.9704067502435929,FALSE
Peve,21,Host_AFDW.mg.cm2,37,-0.009196191182153712,-0.03217911371744788,0.013786731353140458,0.4397599114950339,0.9704067502435929,FALSE
Peve,15,cells.cm2,38,0.010289111521355542,4.986520264836335e-4,0.02007957101622745,0.049131830874174276,0.5011446749165775,FALSE
Peve,15,chla.ug.cm2,38,0.0012918869896434342,-0.01128570780286019,0.013869481782147058,0.8419430597339352,0.9879492480841572,FALSE
Peve,15,calc.umol.cm2.hr,38,0.006851873155246989,-0.0018299581589696782,0.015533704469463658,0.13353051855305278,0.8254613874188718,FALSE
Peve,15,Host_AFDW.mg.cm2,37,0.0027731555805863327,-0.007735487733471471,0.013281798894644137,0.6093494034259923,0.9879492480841572,FALSE
Peve,49,cells.cm2,38,-0.01914765741444674,-0.06839122892494291,0.030095914096049434,0.4512621745381691,0.9704067502435929,FALSE
Peve,49,chla.ug.cm2,38,-0.04689835151858982,-0.09873924500761685,0.0049425419704372045,0.08530752850380068,0.6693359928759745,FALSE
Peve,49,calc.umol.cm2.hr,38,-0.01685296476526164,-0.06119922063572593,0.02749329110520265,0.46253460806816216,0.9704067502435929,FALSE
Peve,49,Host_AFDW.mg.cm2,37,-0.06714163803469334,-0.11361182846248499,-0.020671447606901677,0.007764365031206744,0.24173430737994522,FALSE
Peve,12,cells.cm2,38,-0.023426310520363716,-0.0766600360697649,0.02980741502903747,0.3941157457434872,0.9704067502435929,FALSE
Peve,12,chla.ug.cm2,38,0.0065252967692510455,-0.04912771501581842,0.06217830855432051,0.8198249151958112,0.9879492480841572,FALSE
Peve,12,calc.umol.cm2.hr,38,-0.004685745743588608,-0.05671638646802216,0.04734489498084495,0.861157735857969,0.9879492480841572,FALSE
Peve,12,Host_AFDW.mg.cm2,37,-0.03627624135963715,-0.08904622545971669,0.016493742740442387,0.18658876821799067,0.9704067502435929,FALSE
Peve,1,cells.cm2,38,0.0027464586649811056,-0.04969095140922516,0.05518386873918737,0.9188265489216041,0.9879492480841572,FALSE
Peve,1,chla.ug.cm2,38,0.02495134600089024,-0.030112679939035956,0.08001537194081643,0.3812259366037418,0.9704067502435929,FALSE
Peve,1,calc.umol.cm2.hr,38,-0.07361615432451957,-0.11507289537957695,-0.032159413269462186,0.0017137509171184795,0.24173430737994522,FALSE
Peve,1,Host_AFDW.mg.cm2,37,-0.022601883270707213,-0.07593889591039821,0.030735129368983777,0.4122141010305689,0.9704067502435929,FALSE
Peve,14,cells.cm2,38,-0.0022282138781703274,-0.05592596335737849,0.051469535601037834,0.9356302869650368,0.989076393906361,FALSE
Peve,14,chla.ug.cm2,38,-2.940863381635987e-4,-0.05399668278241008,0.05340851010608288,0.9914956015030384,0.9914956015030384,FALSE
Peve,14,calc.umol.cm2.hr,38,-0.06459028956956311,-0.113974556115581,-0.015206023023545234,0.014685876874493251,0.2723562620360567,FALSE
Peve,14,Host_AFDW.mg.cm2,37,-0.0035965475730490785,-0.05877688411260749,0.05158378896650933,0.8990806393847915,0.9879492480841572,FALSE
Peve,26,cells.cm2,38,-0.06229379087502635,-0.10652570913657572,-0.01806187261347699,0.009305958095303074,0.24173430737994522,FALSE
Peve,26,chla.ug.cm2,38,-0.057207496323664266,-0.10746117582156725,-0.006953816825761287,0.032041623293403876,0.3818326343909745,FALSE
Peve,26,calc.umol.cm2.hr,38,-0.042066683905072094,-0.08261824597720094,-0.0015151218329432503,0.05165368378333465,0.5017786424666795,FALSE
Peve,26,Host_AFDW.mg.cm2,37,-0.061588314816455776,-0.10666225641893785,-0.0165143732139737,0.011655737048432407,0.24173430737994522,FALSE
Peve,17,cells.cm2,38,-0.010394457664061132,-0.06381540716469118,0.04302649183656891,0.7051840365927396,0.9879492480841572,FALSE
Peve,17,chla.ug.cm2,38,0.018269045468421875,-0.03647865833083872,0.07301674926768248,0.5185016459634884,0.9704067502435929,FALSE
Peve,17,calc.umol.cm2.hr,38,-0.00858506233537268,-0.05973370507750207,0.042563580406756715,0.7445608516857816,0.9879492480841572,FALSE
Peve,17,Host_AFDW.mg.cm2,37,0.027501893970566325,-0.026205281375013493,0.08120906931614615,0.3226898721235766,0.9704067502435929,FALSE
Peve,19,cells.cm2,38,-0.010437261927639168,-0.06367017689636079,0.042795653041082446,0.7030479256746733,0.9879492480841572,FALSE
Peve,19,chla.ug.cm2,38,-0.004110694528520292,-0.06027754591045498,0.0520561568534144,0.8868464300133609,0.9879492480841572,FALSE
Peve,19,calc.umol.cm2.hr,38,-0.05703808269621413,-0.1033818628054365,-0.010694302586991764,0.022616998150575846,0.329561973051248,FALSE
Peve,19,Host_AFDW.mg.cm2,37,-0.0015360041492198308,-0.05662304478704689,0.05355103648860723,0.956728467147505,0.989076393906361,FALSE
Peve,51,cells.cm2,38,0.003991421375252394,-0.004037342256426277,0.012020185006931064,0.3384916956592615,0.9704067502435929,FALSE
Peve,51,chla.ug.cm2,38,0.0022810017959017715,-0.007403972374966077,0.01196597596676962,0.6480309469009611,0.9879492480841572,FALSE
Peve,51,calc.umol.cm2.hr,38,0.0023599293000335416,-0.004539445599973003,0.009259304200040086,0.5082906960962289,0.9704067502435929,FALSE
Peve,51,Host_AFDW.mg.cm2,37,0.0012197957189085406,-0.007340407416836063,0.009779998854653145,0.7822252904729498,0.9879492480841572,FALSE
Peve,18,cells.cm2,38,-0.0018117348389564863,-0.01002170730079737,0.006398237622884396,0.6687889109415112,0.9879492480841572,FALSE
Peve,18,chla.ug.cm2,38,0.001383988384089639,-0.008414261761495876,0.011182238529675155,0.7839906390386892,0.9879492480841572,FALSE
Peve,18,calc.umol.cm2.hr,38,-0.0018317752046090716,-0.008838983612596501,0.0051754332033783585,0.6125621221227446,0.9879492480841572,FALSE
Peve,18,Host_AFDW.mg.cm2,37,-0.003323545968906587,-0.011756541991119593,0.005109450053306418,0.4467841971034686,0.9704067502435929,FALSE
Peve,24,cells.cm2,38,0.002793702952164121,-0.011391335320907787,0.01697874122523603,0.7024793865307973,0.9879492480841572,FALSE
Peve,24,chla.ug.cm2,38,0.007385186006061488,-0.009296303263392135,0.024066675275515113,0.39299919590704635,0.9704067502435929,FALSE
Peve,24,calc.umol.cm2.hr,38,0.0020900903975649403,-0.010056950288825072,0.014237131083954952,0.7385360493096322,0.9879492480841572,FALSE
Peve,24,Host_AFDW.mg.cm2,37,-0.0012825999897602388,-0.014746945083800655,0.012181745104280176,0.8533252961662847,0.9879492480841572,FALSE
Peve,29,cells.cm2,38,-0.027595825396819745,-0.08058652685591133,0.025394876062271848,0.31422853225522307,0.9704067502435929,FALSE
Peve,29,chla.ug.cm2,38,0.004351514595215854,-0.05116771486173894,0.05987074405217065,0.8789480741787234,0.9879492480841572,FALSE
Peve,29,calc.umol.cm2.hr,38,0.030211242494142792,-0.0203094988102536,0.08073198379853919,0.2507572488638264,0.9704067502435929,FALSE
Peve,29,Host_AFDW.mg.cm2,37,0.01722395147080995,-0.034174414927130664,0.06862231786875056,0.5156414623988909,0.9704067502435929,FALSE
Peve,33,cells.cm2,38,0.013455980313062511,-0.040066513336107265,0.06697847396223229,0.6251810181635036,0.9879492480841572,FALSE
Peve,33,chla.ug.cm2,38,0.04712869377248668,-0.004320011605037616,0.09857739915001097,0.08099003819353064,0.66087871165921,FALSE
Peve,33,calc.umol.cm2.hr,38,0.04102329001003874,-0.010980550837546232,0.09302713085762371,0.13082227258436943,0.8254613874188718,FALSE
Peve,33,Host_AFDW.mg.cm2,37,0.06310920243909357,0.01349299349103876,0.11272541138714838,0.017547261292068798,0.27831941147183753,FALSE
Peve,34,cells.cm2,38,-0.005622386125673221,-0.018392859813942068,0.007148087562595626,0.39572427721926395,0.9704067502435929,FALSE
Peve,34,chla.ug.cm2,38,-8.10624283287567e-4,-0.01621553420825285,0.014594285641677716,0.9186011328733651,0.9879492480841572,FALSE
Peve,34,calc.umol.cm2.hr,38,0.0067551696731058585,-0.004032344234716395,0.01754268358092811,0.2302752180578665,0.9704067502435929,FALSE
Peve,34,Host_AFDW.mg.cm2,37,-0.0022313898601927975,-0.012833014989418728,0.008370235269033133,0.6833118129498412,0.9879492480841572,FALSE
Peve,37,cells.cm2,38,-0.003991559677927132,-0.02707241210109606,0.019089292745241793,0.7372013144072066,0.9879492480841572,FALSE
Peve,37,chla.ug.cm2,38,0.002117691081622873,-0.025106625734540897,0.029342007897786643,0.8798902954070641,0.9879492480841572,FALSE
Peve,37,calc.umol.cm2.hr,38,0.019886763561415072,0.0014798624879758075,0.03829366463485434,0.043551919441727545,0.4676100824269694,FALSE
Peve,37,Host_AFDW.mg.cm2,37,0.009881312272448354,-0.008863873959284103,0.02862649850418081,0.3108717908840052,0.9704067502435929,FALSE
Peve,20,cells.cm2,38,0.021944521785346102,-0.030779920117209397,0.0746689636879016,0.4200122304244125,0.9704067502435929,FALSE
Peve,20,chla.ug.cm2,38,0.0472414748785312,-0.006193486661118998,0.10067643641818139,0.09291423380375136,0.6769465605701884,FALSE
Peve,20,calc.umol.cm2.hr,38,0.03578069263904319,-0.012245476928323368,0.08380686220640975,0.15516005970355773,0.8792403383201605,FALSE
Peve,20,Host_AFDW.mg.cm2,37,0.018535750593101016,-0.034352502445314424,0.07142400363151646,0.4967080639520728,0.9704067502435929,FALSE
Peve,7,cells.cm2,38,0.014503988649010792,-0.023911431494185113,0.0529194087922067,0.4650755350425374,0.9704067502435929,FALSE
Peve,7,chla.ug.cm2,38,0.005343147880585086,-0.03891594506536792,0.04960224082653809,0.8144150106489224,0.9879492480841572,FALSE
Peve,7,calc.umol.cm2.hr,38,-0.03553852997112659,-0.06661714016831449,-0.004459919773938677,0.03330854596602863,0.3818326343909745,FALSE
Peve,7,Host_AFDW.mg.cm2,37,3.8576454987618064e-4,-0.03919829992793735,0.03996982902768972,0.9848902483429125,0.9914956015030384,FALSE
Peve,11,cells.cm2,38,0.016112769686036626,-0.031730623436222447,0.06395616280829569,0.5137876965985395,0.9704067502435929,FALSE
Peve,11,chla.ug.cm2,38,0.009244315420662164,-0.04381772064327101,0.06230635148459533,0.7347434536349194,0.9879492480841572,FALSE
Peve,11,calc.umol.cm2.hr,38,-0.0022203596135709222,-0.04523906045708816,0.040798341229946314,0.9201488094901464,0.9879492480841572,FALSE
Peve,11,Host_AFDW.mg.cm2,37,-0.01617309345551752,-0.06536293451191219,0.033016747600877146,0.5239049512662044,0.9716055459845973,FALSE
Peve,4,cells.cm2,38,-0.019885986768150222,-0.07281150317856183,0.03303952964226138,0.4662426419514014,0.9704067502435929,FALSE
Peve,4,chla.ug.cm2,38,-0.06891764880288002,-0.1176737469964464,-0.020161550609313655,0.008799107017011535,0.24173430737994522,FALSE
Peve,4,calc.umol.cm2.hr,38,-0.002186967952823452,-0.05240107441716791,0.04802713851152101,0.9325686483307257,0.989076393906361,FALSE
Peve,4,Host_AFDW.mg.cm2,37,-0.018972859213012068,-0.07211121625871787,0.034165497832693736,0.4887038150041465,0.9704067502435929,FALSE
Peve,6,cells.cm2,38,0.02867566984176973,-0.024418652668791778,0.08176999235233123,0.2968596501469162,0.9704067502435929,FALSE
Peve,6,chla.ug.cm2,38,-0.021620210197574846,-0.07633511436904614,0.03309469397389645,0.44515298989272367,0.9704067502435929,FALSE
Peve,6,calc.umol.cm2.hr,38,0.004510733810499978,-0.048226554038797734,0.057248021659797685,0.8680540134438108,0.9879492480841572,FALSE
Peve,6,Host_AFDW.mg.cm2,37,0.021462370812628875,-0.03017920887137003,0.07310395049662778,0.4208453468482193,0.9704067502435929,FALSE
Peve,9,cells.cm2,38,0.017279578776867123,-0.03253226896007336,0.0670914265138076,0.501161613419215,0.9704067502435929,FALSE
Peve,9,chla.ug.cm2,38,-0.019784209261719407,-0.07418172687705508,0.03461330835361627,0.48054929267041213,0.9704067502435929,FALSE
Peve,9,calc.umol.cm2.hr,38,-0.06032812942790999,-0.1000553575726064,-0.020600901283213582,0.005961994056196891,0.24173430737994522,FALSE
Peve,9,Host_AFDW.mg.cm2,37,-0.006111821011997921,-0.05523226830155042,0.04300862627755458,0.8088402378330201,0.9879492480841572,FALSE
Peve,40,cells.cm2,38,0.018700997382765993,-0.03465309970471725,0.07205509447024924,0.496496224407291,0.9704067502435929,FALSE
Peve,40,chla.ug.cm2,38,-0.024056092399619596,-0.0771807299471182,0.029068545147879016,0.3806913737949845,0.9704067502435929,FALSE
Peve,40,calc.umol.cm2.hr,38,-0.010694955581600583,-0.06428387891354866,0.0428939677503475,0.6979861373883945,0.9879492480841572,FALSE
Peve,40,Host_AFDW.mg.cm2,37,-0.013169154117545332,-0.06695226702495921,0.040613958789868544,0.6342768697064185,0.9879492480841572,FALSE
Peve,41,cells.cm2,38,0.007142522661354082,-0.02217574673219024,0.036460792054898404,0.6367052477038199,0.9879492480841572,FALSE
Peve,41,chla.ug.cm2,38,-0.011911828369660354,-0.04631022472522926,0.02248656798590855,0.5025376481955997,0.9704067502435929,FALSE
Peve,41,calc.umol.cm2.hr,38,-0.003762505873959557,-0.02915948599055571,0.021634474242636596,0.7737563383860385,0.9879492480841572,FALSE
Peve,41,Host_AFDW.mg.cm2,37,-0.006101282011911446,-0.030329070623220565,0.01812650659939767,0.6256140781880818,0.9879492480841572,FALSE
Peve,45,cells.cm2,38,-0.0037770871708966485,-0.03145066331892086,0.023896488977127563,0.7910207479956927,0.9879492480841572,FALSE
Peve,45,chla.ug.cm2,38,-0.002320711048244018,-0.034844090141832325,0.03020266804534429,0.8897153447353257,0.9879492480841572,FALSE
Peve,45,calc.umol.cm2.hr,38,-0.005575083292358179,-0.029373694185743357,0.018223527601027002,0.6497853982329027,0.9879492480841572,FALSE
Peve,45,Host_AFDW.mg.cm2,37,-0.011485300370644137,-0.03566573587026771,0.012695135128979438,0.36012476581750097,0.9704067502435929,FALSE
Peve,25,cells.cm2,38,-0.006555427336779249,-0.016956203171652588,0.0038453484980940887,0.2272882424559841,0.9704067502435929,FALSE
Peve,25,chla.ug.cm2,38,-0.008462058253265299,-0.020796521528057402,0.0038724050215268053,0.18978023362840388,0.9704067502435929,FALSE
Peve,25,calc.umol.cm2.hr,38,0.002099936905583997,-0.007000519246100718,0.011200393057268712,0.6546894319589072,0.9879492480841572,FALSE
Peve,25,Host_AFDW.mg.cm2,37,-6.67974210134894e-4,-0.010560281259880563,0.009224332839610775,0.8957239237854587,0.9879492480841572,FALSE
Peve,39,cells.cm2,38,-0.019110888777903675,-0.03505954402936813,-0.0031622335264392225,0.026302220734496756,0.3577102019891559,FALSE
Peve,39,chla.ug.cm2,38,-0.005700917508199315,-0.026364635554244578,0.014962800537845947,0.592945288507461,0.9879492480841572,FALSE
Peve,39,calc.umol.cm2.hr,38,0.013486206215002338,-6.732258275806337e-4,0.027645638257585307,0.0727953246589975,0.66087871165921,FALSE
Peve,39,Host_AFDW.mg.cm2,37,-0.0026294041259787475,-0.016723492297626066,0.011464684045668569,0.7175437126681589,0.9879492480841572,FALSE
Peve,27,cells.cm2,38,-0.004795043667628389,-0.015338515302960438,0.005748427967703661,0.38056181829527014,0.9704067502435929,FALSE
Peve,27,chla.ug.cm2,38,-0.0014919874878212011,-0.014206377867749514,0.011222402892107113,0.8198056365940289,0.9879492480841572,FALSE
Peve,27,calc.umol.cm2.hr,38,0.007791775022813335,-8.739854797484882e-4,0.01645753552537516,0.0893317388662695,0.6749509158784807,FALSE
Peve,27,Host_AFDW.mg.cm2,37,0.0015352082515634933,-0.009108046746479213,0.0121784632496062,0.7796229006708093,0.9879492480841572,FALSE
Peve,35,cells.cm2,38,1.0902716911548308e-4,-0.011420513621499347,0.011638567959730313,0.9853480829130103,0.9914956015030384,FALSE
Peve,35,chla.ug.cm2,38,-8.969878742821246e-4,-0.014613260862594337,0.012819285114030089,0.8989455808295563,0.9879492480841572,FALSE
Peve,35,calc.umol.cm2.hr,38,0.004893564964046406,-0.0048035633424930784,0.014590693270585889,0.3313964082725944,0.9704067502435929,FALSE
Peve,35,Host_AFDW.mg.cm2,37,0.006345831392438266,-0.004986380017126665,0.017678042802003198,0.2823848377509921,0.9704067502435929,FALSE
Peve,5,cells.cm2,38,0.009953432829080679,-0.03923241502495445,0.0591392806831158,0.6942809874519966,0.9879492480841572,FALSE
Peve,5,chla.ug.cm2,38,-0.021694008323712044,-0.07587440524636213,0.03248638859893804,0.4377958958393632,0.9704067502435929,FALSE
Peve,5,calc.umol.cm2.hr,38,0.0612854748455319,0.02178593298520868,0.10078501670585513,0.005191044749402792,0.24173430737994522,FALSE
Peve,5,Host_AFDW.mg.cm2,37,0.026017158185102387,-0.023859122002204167,0.07589343837240894,0.3146198949635087,0.9704067502435929,FALSE
Peve,2,cells.cm2,38,-0.003422797341792216,-0.04155848487974032,0.034712890196155886,0.8615592764399431,0.9879492480841572,FALSE
Peve,2,chla.ug.cm2,38,9.742937681036238e-4,-0.042846476811491285,0.04479506434769853,0.9655064413524963,0.989765397165373,FALSE
Peve,2,calc.umol.cm2.hr,38,0.024371368602891005,-0.007816277269947797,0.05655901447572981,0.14922781576955746,0.8697849833425635,FALSE
Peve,2,Host_AFDW.mg.cm2,37,0.014075519878421271,-0.02512083695651361,0.05327187671335615,0.4871711910116515,0.9704067502435929,FALSE
Peve,3,cells.cm2,38,-0.025685806659388924,-0.07811111404312099,0.026739500724343147,0.34334110509529836,0.9704067502435929,FALSE
Peve,3,chla.ug.cm2,38,0.01916164326459726,-0.03717920236498113,0.07550248889417566,0.5094796754942981,0.9704067502435929,FALSE
Peve,3,calc.umol.cm2.hr,38,0.04451856986287041,-0.0029063041854481553,0.09194344391118897,0.0764500177222626,0.66087871165921,FALSE
Peve,3,Host_AFDW.mg.cm2,37,0.01062227051530654,-0.042214610748454964,0.06345915177906805,0.6959777143041966,0.9879492480841572,FALSE
Peve,32,cells.cm2,38,-0.009109212166582227,-0.02325631025067118,0.0050378859175067275,0.21764512317099416,0.9704067502435929,FALSE
Peve,32,chla.ug.cm2,38,-0.007938104429751491,-0.024945237669437133,0.009069028809934153,0.3682035057798798,0.9704067502435929,FALSE
Peve,32,calc.umol.cm2.hr,38,0.007747557441660286,-0.004369037856670039,0.01986415273999061,0.22086306329687175,0.9704067502435929,FALSE
Peve,32,Host_AFDW.mg.cm2,37,8.155848827865496e-4,-0.012594075747218417,0.014225245512791517,0.9060197796657509,0.9879492480841572,FALSE
Peve,46,cells.cm2,38,-0.013955942507054895,-0.04067755499277447,0.012765669978664683,0.3147263405102097,0.9704067502435929,FALSE
Peve,46,chla.ug.cm2,38,-0.011589235587598652,-0.04324824147124887,0.020069770296051566,0.47869696692543373,0.9704067502435929,FALSE
Peve,46,calc.umol.cm2.hr,38,0.017413820870759003,-0.005280204901134115,0.04010784664265212,0.14413740489367638,0.8648244293620583,FALSE
Peve,46,Host_AFDW.mg.cm2,37,-0.0025619065321853068,-0.025965568286809956,0.020841755222439345,0.831735718173455,0.9879492480841572,FALSE
Peve,23,cells.cm2,38,0.0017304502539067265,-0.012048302139621929,0.015509202647435383,0.8074111213200683,0.9879492480841572,FALSE
Peve,23,chla.ug.cm2,38,0.005182291993372093,-0.01114344400101913,0.021508027987763315,0.5389444334560409,0.9879492480841572,FALSE
Peve,23,calc.umol.cm2.hr,38,0.010341321767945619,-7.846457171170329e-4,0.02146728925300827,0.07957694660339654,0.66087871165921,FALSE
Peve,23,Host_AFDW.mg.cm2,37,0.006607997897183146,-0.0041664723874799935,0.017382468181846286,0.24010236944032928,0.9704067502435929,FALSE
Peve,48,cells.cm2,38,-0.012813777938805268,-0.058017660531208104,0.03239010465359757,0.5824373939522115,0.9879492480841572,FALSE
Peve,48,chla.ug.cm2,38,0.04020406489783569,-0.009787926449630571,0.09019605624530196,0.12372678041230147,0.814202038842242,FALSE
Peve,48,calc.umol.cm2.hr,38,0.04259862831088598,0.005236011361209117,0.07996124526056285,0.03369111479920363,0.3818326343909745,FALSE
Peve,48,Host_AFDW.mg.cm2,37,0.018767348570457042,-0.024878260225338202,0.062412957366252284,0.40582108414122553,0.9704067502435929,FALSE
Peve,22,cells.cm2,38,-0.0023499932069397135,-0.014163192847323591,0.009463206433444164,0.6996496033786703,0.9879492480841572,FALSE
Peve,22,chla.ug.cm2,38,-0.001047153902682407,-0.015132860743460643,0.01303855293809583,0.8852163891469929,0.9879492480841572,FALSE
Peve,22,calc.umol.cm2.hr,38,-0.00620790422609625,-0.016072575001295483,0.0036567665491029832,0.22803448443960334,0.9704067502435929,FALSE
Peve,22,Host_AFDW.mg.cm2,37,-0.00738440844687877,-0.019147261316491443,0.004378444422733902,0.22946570826332105,0.9704067502435929,FALSE
Peve,31,cells.cm2,38,-4.5373971305844995e-4,-0.013514584064130176,0.012607104638013275,0.9462112025597897,0.989076393906361,FALSE
Peve,31,chla.ug.cm2,38,0.00122592662455754,-0.014315542040823937,0.016767395289939018,0.8782616831497985,0.9879492480841572,FALSE
Peve,31,calc.umol.cm2.hr,38,-0.0051603780018646605,-0.016172713759281396,0.0058519577555520745,0.36650827032858624,0.9704067502435929,FALSE
Peve,31,Host_AFDW.mg.cm2,37,-0.005541342163707625,-0.01879986382343705,0.007717179496021801,0.42006609567563935,0.9704067502435929,FALSE
Peve,28,cells.cm2,38,-4.0764768152417685e-4,-0.01618723354774603,0.015371938184697677,0.9599859117326446,0.989076393906361,FALSE
Peve,28,chla.ug.cm2,38,0.0019488246954457791,-0.01678283159299049,0.02068048098388205,0.8399067486601108,0.9879492480841572,FALSE
Peve,28,calc.umol.cm2.hr,38,0.0017483136075621014,-0.011744672750391111,0.015241299965515313,0.8014514528244807,0.9879492480841572,FALSE
Peve,28,Host_AFDW.mg.cm2,37,-0.005306919522765252,-0.019888895544182033,0.009275056498651527,0.4819383437199062,0.9704067502435929,FALSE
Peve,47,cells.cm2,38,-0.0037342247347891717,-0.019863736138601196,0.012395286669022853,0.6535726853929016,0.9879492480841572,FALSE
Peve,47,chla.ug.cm2,38,-0.008251834822070094,-0.027191350851263486,0.0106876812071233,0.4003987013307917,0.9704067502435929,FALSE
Peve,47,calc.umol.cm2.hr,38,0.001872766663660578,-0.011976686956376093,0.01572222028369725,0.7929922641068029,0.9879492480841572,FALSE
Peve,47,Host_AFDW.mg.cm2,37,-0.00048528129874554767,-0.01709288418267989,0.0161223215851888,0.9547593730078126,0.989076393906361,FALSE
Peve,8,cells.cm2,38,-0.0015499149535734241,-0.055305340288058676,0.05220551038091183,0.9552471916026206,0.989076393906361,FALSE
Peve,8,chla.ug.cm2,38,-0.00896403857343527,-0.06470985930883455,0.046781782161964006,0.7548053614326059,0.9879492480841572,FALSE
Peve,8,calc.umol.cm2.hr,38,0.022789815033665027,-0.02824311920513415,0.07382274927246421,0.3886987569718271,0.9704067502435929,FALSE
Peve,8,Host_AFDW.mg.cm2,37,-0.027599270725939977,-0.08219519831366387,0.026996656861783923,0.32859740229883905,0.9704067502435929,FALSE
Peve,16,cells.cm2,38,-0.013990739507422462,-0.06746234148224288,0.03948086246739796,0.6112114602904606,0.9879492480841572,FALSE
Peve,16,chla.ug.cm2,38,-0.03179079584449982,-0.08608839421588066,0.022506802526881017,0.26045649797131487,0.9704067502435929,FALSE
Peve,16,calc.umol.cm2.hr,38,0.06415452158892991,0.017926481256965082,0.11038256192089474,0.01097608770229775,0.24173430737994522,FALSE
Peve,16,Host_AFDW.mg.cm2,37,-0.03225210566803144,-0.0864574411330433,0.02195322979698041,0.2515944011695286,0.9704067502435929,FALSE
Peve,38,cells.cm2,38,-0.020073179203069207,-0.06957256228509455,0.02942620387895614,0.4322381500716622,0.9704067502435929,FALSE
Peve,38,chla.ug.cm2,38,0.0018793055004726975,-0.052699955133364264,0.056458566134309655,0.9465688464746552,0.989076393906361,FALSE
Peve,38,calc.umol.cm2.hr,38,0.061400688024661164,0.022003692800157543,0.10079768324916479,0.004905832870352294,0.24173430737994522,FALSE
Peve,38,Host_AFDW.mg.cm2,37,-0.0032202863853373976,-0.05395398783066941,0.04751341505999462,0.9017382307356365,0.9879492480841572,FALSE
Ptuh,12,cells.cm2,39,-0.04869846608414602,-0.09837513361311394,9.782014448218995e-4,0.06252154399088494,0.4644457553608596,FALSE
Ptuh,12,chla.ug.cm2,39,-0.05742108428915681,-0.10696299902666595,-0.007879169551647663,0.029013804430219642,0.30174356607428426,FALSE
Ptuh,12,calc.umol.cm2.hr,37,0.05754271763546061,0.00644405812580285,0.10864137714511837,0.0345928284641686,0.3372800775256438,FALSE
Ptuh,12,Host_AFDW.mg.cm2,39,0.043280460897382016,-0.007583170034418954,0.09414409182918299,0.10430048527836337,0.560246573090579,FALSE
Ptuh,14,cells.cm2,39,-0.043300192980620066,-0.09320139509843513,0.006601009137194996,0.09767552910809826,0.5498572541723828,FALSE
Ptuh,14,chla.ug.cm2,39,-0.06114469198694155,-0.10955986211560839,-0.012729521858274709,0.01801715211602958,0.2881503000164719,FALSE
Ptuh,14,calc.umol.cm2.hr,37,0.012639046808438113,-0.039754289125529335,0.06503238274240557,0.6392842705933984,0.9216327824231296,FALSE
Ptuh,14,Host_AFDW.mg.cm2,39,-0.012431776587344545,-0.06473304378007576,0.03986949060538667,0.6443172322578727,0.9216327824231296,FALSE
Ptuh,30,cells.cm2,39,-0.005530827530586607,-0.057770791306811155,0.046709136245637946,0.836750872765968,0.9837772641576927,FALSE
Ptuh,30,chla.ug.cm2,39,-0.028537598257260398,-0.07999278962899264,0.02291759311447184,0.2840602019508009,0.8056980273513625,FALSE
Ptuh,30,calc.umol.cm2.hr,37,0.062239482756829535,0.011349636896530624,0.11312932861712845,0.02199921802260797,0.2881503000164719,FALSE
Ptuh,30,Host_AFDW.mg.cm2,39,0.016996811436444374,-0.034985840663568864,0.06897946353645762,0.5255690984621965,0.9109864373344739,FALSE
Ptuh,28,cells.cm2,39,-0.049894543283286866,-0.09963110403431855,-1.5798253225518533e-4,0.05681327644726734,0.44314355628868524,FALSE
Ptuh,28,chla.ug.cm2,39,-0.014304848130709629,-0.06637157998702278,0.03776188372560353,0.5934695243287207,0.9216327824231296,FALSE
Ptuh,28,calc.umol.cm2.hr,37,-0.013650566650495856,-0.06509769462565514,0.03779656132466342,0.6063089310053575,0.9216327824231296,FALSE
Ptuh,28,Host_AFDW.mg.cm2,39,0.017275769880956846,-0.034697333782954885,0.06924887354486858,0.5187574581275012,0.9109864373344739,FALSE
Ptuh,7,cells.cm2,39,0.014834353706054708,-0.03721699247703322,0.06688569988914264,0.5798139533869698,0.9216327824231296,FALSE
Ptuh,7,chla.ug.cm2,39,0.01719182709114581,-0.03478416637512523,0.06916782055741685,0.5208025734409767,0.9109864373344739,FALSE
Ptuh,7,calc.umol.cm2.hr,37,-0.024432990031623525,-0.07354827633113101,0.024682296267883957,0.33624748546835537,0.8871622352404839,FALSE
Ptuh,7,Host_AFDW.mg.cm2,39,0.024946370258914826,-0.026920319374182048,0.0768130598920117,0.3525901191340385,0.8871622352404839,FALSE
Ptuh,10,cells.cm2,39,-0.021969375438675123,-0.0737581690237343,0.02981941814638405,0.4110598847049829,0.9109864373344739,FALSE
Ptuh,10,chla.ug.cm2,39,-0.01417075485325592,-0.066241293580934807,0.037899783874422964,0.5969499583859748,0.9216327824231296,FALSE
Ptuh,10,calc.umol.cm2.hr,37,0.02128222871435186,-0.028384782758107376,0.07094924018681109,0.4066978732557449,0.9109864373344739,FALSE
Ptuh,10,Host_AFDW.mg.cm2,39,0.042826963597120696,-0.007974377359719932,0.09362830455396132,0.10773972559434211,0.560246573090579,FALSE
Ptuh,4,cells.cm2,39,-0.010215044191624894,-0.057707696558475956,0.037277608175226164,0.6760833167883222,0.9251666440261251,FALSE
Ptuh,4,chla.ug.cm2,39,-0.011646910787104526,-0.06100054670639838,0.03770672513218933,0.6465646335923037,0.9216327824231296,FALSE
Ptuh,4,calc.umol.cm2.hr,37,0.03702098238165125,-0.01086811624013629,0.0849100810034388,0.13991368067465468,0.6230895124199451,FALSE
Ptuh,4,Host_AFDW.mg.cm2,39,0.06008615786328217,0.012620530338239073,0.10755178538832527,0.017772982191226083,0.2881503000164719,FALSE
Ptuh,11,cells.cm2,39,-0.0047743847001751605,-0.05671074599103164,0.04716197659068132,0.858021054300099,0.9914909960801143,FALSE
Ptuh,11,chla.ug.cm2,39,0.008242374512880285,-0.04415445181198142,0.060639200837741984,0.7595985355267812,0.9758951031183016,FALSE
Ptuh,11,calc.umol.cm2.hr,37,5.58763566172454e-4,-0.05404685338728032,0.055164380519625224,0.9841137685414849,0.99986798509244,FALSE
Ptuh,11,Host_AFDW.mg.cm2,39,0.07147334333594979,0.023988094229922312,0.11895859244197726,0.005625720708554408,0.176332930772467,FALSE
Ptuh,13,cells.cm2,39,0.013549037214518708,-0.035406664825597796,0.0625047392546352,0.591067973949174,0.9216327824231296,FALSE
Ptuh,13,chla.ug.cm2,39,0.022593631525970267,-0.02781884894023214,0.07300611199217268,0.3854917865925037,0.9064342486696088,FALSE
Ptuh,13,calc.umol.cm2.hr,37,-0.01792959556473643,-0.06878392071947552,0.03292472959000266,0.49430965801226756,0.9109864373344739,FALSE
Ptuh,13,Host_AFDW.mg.cm2,39,0.07350287960391642,0.027435325927300767,0.11957043328053207,0.0034524402172506595,0.176332930772467,FALSE
Ptuh,31,cells.cm2,39,0.03400149080502192,-0.015138259006788578,0.08314124061683242,0.18375704530990708,0.7045733954972023,FALSE
Ptuh,31,chla.ug.cm2,39,0.04667456558530354,-0.0027292750616549274,0.09607840623226202,0.07209962503678118,0.49083725140789924,FALSE
Ptuh,31,calc.umol.cm2.hr,37,-0.019305968613972244,-0.07155986465330398,0.0329479274253595,0.4740435037698332,0.9109864373344739,FALSE
Ptuh,31,Host_AFDW.mg.cm2,39,0.07077733205022534,0.023570885813557735,0.11798377828689294,0.005651696499117532,0.176332930772467,FALSE
Ptuh,15,cells.cm2,39,-0.03783305140390048,-0.08848339367363983,0.012817290865838861,0.15177821456383278,0.6230895124199451,FALSE
Ptuh,15,chla.ug.cm2,39,0.0013951450499324117,-0.05102356360106115,0.05381385370092598,0.9586850101342812,0.99986798509244,FALSE
Ptuh,15,calc.umol.cm2.hr,37,-0.003607433379394219,-0.05743769279249454,0.050222826033706106,0.8962586989415982,0.9923318372262298,FALSE
Ptuh,15,Host_AFDW.mg.cm2,39,-0.032899275413078126,-0.08501501789787055,0.019216467071714302,0.224031125464335,0.7371121951741988,FALSE
Ptuh,16,cells.cm2,39,-0.01287164330369979,-0.06421115808161292,0.038467871474213336,0.6261537368394641,0.9216327824231296,FALSE
Ptuh,16,chla.ug.cm2,39,0.023128607500395207,-0.02866956538433134,0.07492678038512175,0.38727170003116196,0.9064342486696088,FALSE
Ptuh,16,calc.umol.cm2.hr,37,0.01381466927285255,-0.04034728655559034,0.06797662510129544,0.6203100931538075,0.9216327824231296,FALSE
Ptuh,16,Host_AFDW.mg.cm2,39,-0.03283027031544299,-0.0851836056665841,0.019523065035698117,0.22680375236129194,0.7371121951741988,FALSE
Ptuh,19,cells.cm2,39,-0.03791478436178293,-0.08782909938756302,0.011999530663997157,0.1455389660571923,0.6230895124199451,FALSE
Ptuh,19,chla.ug.cm2,39,-0.0024268923508611335,-0.05494415654150242,0.05009037183978016,0.9283233158490831,0.9923318372262298,FALSE
Ptuh,19,calc.umol.cm2.hr,37,0.01279259232944807,-0.041521389608233136,0.06710657426712928,0.6472473888785417,0.9216327824231296,FALSE
Ptuh,19,Host_AFDW.mg.cm2,39,0.02715611053408613,-0.024376645021469173,0.07868886608964143,0.3083837074346383,0.8342250792565356,FALSE
Ptuh,21,cells.cm2,39,-0.057858725510926884,-0.10665129894565971,-0.009066152076194059,0.025790933430301092,0.30174356607428426,FALSE
Ptuh,21,chla.ug.cm2,39,-0.025374934614472978,-0.07700185903339213,0.026251989804446176,0.34163418433503356,0.8871622352404839,FALSE
Ptuh,21,calc.umol.cm2.hr,37,-0.022148119019923126,-0.0764971099216252,0.032200871881778954,0.4298408029700804,0.9109864373344739,FALSE
Ptuh,21,Host_AFDW.mg.cm2,39,0.03854059343299951,-0.012826866876723533,0.08990805374272255,0.1504644714389403,0.6230895124199451,FALSE
Ptuh,18,cells.cm2,39,-3.189596114406149e-4,-0.029348552907374887,0.02871063368449366,0.9829655576714457,0.99986798509244,FALSE
Ptuh,18,chla.ug.cm2,39,-0.0032843450163128293,-0.0342655475682152,0.02769685753558954,0.8368098670087029,0.9837772641576927,FALSE
Ptuh,18,calc.umol.cm2.hr,37,0.0080138330072595,-0.0213720024853224,0.0373996684998414,0.5973333986783463,0.9216327824231296,FALSE
Ptuh,18,Host_AFDW.mg.cm2,39,0.004572102775763354,-0.027715575732922725,0.03685978128444943,0.7832383089281132,0.9774814095422852,FALSE
Ptuh,22,cells.cm2,39,-0.0012193058991895316,-0.03078828353771002,0.028349671739330954,0.9361356111126693,0.9934500362828328,FALSE
Ptuh,22,chla.ug.cm2,39,-0.002728940795499448,-0.03424648223810346,0.028788600647104565,0.8663915166032216,0.9923318372262298,FALSE
Ptuh,22,calc.umol.cm2.hr,37,0.025517168214698377,-0.0037357953750380597,0.05477013180443481,0.09869232767196616,0.5498572541723828,FALSE
Ptuh,22,Host_AFDW.mg.cm2,39,0.003160297018878934,-0.029748468310028107,0.03606906234778597,0.8519511777754278,0.9914909960801143,FALSE
Ptuh,38,cells.cm2,39,-0.01794892740694078,-0.037866579403874084,0.0019687245899925286,0.08806723061954083,0.5495395190659348,FALSE
Ptuh,38,chla.ug.cm2,39,-0.0074097881452343745,-0.02984176484061441,0.015022188550145664,0.5224700944136924,0.9109864373344739,FALSE
Ptuh,38,calc.umol.cm2.hr,37,0.002250846559260099,-0.01646675260273238,0.020968445721252574,0.8154868914006235,0.9837772641576927,FALSE
Ptuh,38,Host_AFDW.mg.cm2,39,0.0018977033355352957,-0.02158780236744536,0.025383209038515948,0.8752543940870147,0.9923318372262298,FALSE
Ptuh,23,cells.cm2,39,0.014687986056356678,-0.009923468971210743,0.0392994410839241,0.25172958856933425,0.7409399210720027,FALSE
Ptuh,23,chla.ug.cm2,39,-0.0014365383883853098,-0.02855532629451987,0.025682249517749247,0.9180187360476064,0.9923318372262298,FALSE
Ptuh,23,calc.umol.cm2.hr,37,0.005425663245295537,-0.018135813089908345,0.02898713958049942,0.6553881601337477,0.9216327824231296,FALSE
Ptuh,23,Host_AFDW.mg.cm2,39,-0.009508489744807756,-0.03763145640821415,0.018614476918598636,0.5126292923373283,0.9109864373344739,FALSE
Ptuh,25,cells.cm2,39,0.01167745471265226,-0.009886872536889791,0.03324178196219431,0.2974497011976822,0.828609881907829,FALSE
Ptuh,25,chla.ug.cm2,39,-0.0012866724166438212,-0.024887390448159068,0.022314045614871422,0.9156444219101474,0.9923318372262298,FALSE
Ptuh,25,calc.umol.cm2.hr,37,0.01340803820031734,-0.00890545560923348,0.03572153200986816,0.24937092514476794,0.7409399210720027,FALSE
Ptuh,25,Host_AFDW.mg.cm2,39,-0.014447735261097784,-0.038608666433017344,0.009713195910821778,0.2506884978080581,0.7409399210720027,FALSE
Ptuh,32,cells.cm2,39,0.003136562299682341,-0.023012204382098743,0.029285328981463424,0.8157998851400892,0.9837772641576927,FALSE
Ptuh,32,chla.ug.cm2,39,-0.0044686247788000765,-0.03255344015665464,0.023616190599054485,0.7573512041183884,0.9758951031183016,FALSE
Ptuh,32,calc.umol.cm2.hr,37,-1.331502419059554e-4,-0.027980675473003216,0.027714374989191305,0.992591759538756,0.99986798509244,FALSE
Ptuh,32,Host_AFDW.mg.cm2,39,-0.03419752090141585,-0.061365904321095906,-0.007029137481735788,0.01958538718350741,0.2881503000164719,FALSE
Ptuh,6,cells.cm2,39,0.022998402347821665,-0.02874242532290674,0.07473923001855007,0.3893018888516909,0.9064342486696088,FALSE
Ptuh,6,chla.ug.cm2,39,0.014400742430544532,-0.037663244852248805,0.06646472971333786,0.5909860343848579,0.9216327824231296,FALSE
Ptuh,6,calc.umol.cm2.hr,37,-0.0024787711981816554,-0.0563995564364608,0.05144201404009749,0.9287208220194201,0.9923318372262298,FALSE
Ptuh,6,Host_AFDW.mg.cm2,39,-0.08027157494906986,-0.1274589224819768,-0.03308422741616294,0.0019774938972322467,0.176332930772467,FALSE
Ptuh,5,cells.cm2,39,-0.023043191342338495,-0.07062419196087341,0.024537809276196414,0.34935095438792596,0.8871622352404839,FALSE
Ptuh,5,chla.ug.cm2,39,0.005481073288138573,-0.044493569648366454,0.0554557162246436,0.8310231161957111,0.9837772641576927,FALSE
Ptuh,5,calc.umol.cm2.hr,37,-0.03449932994975782,-0.07995652675818893,0.010957866858673282,0.1471404084122661,0.6230895124199451,FALSE
Ptuh,5,Host_AFDW.mg.cm2,39,-0.03248492289401988,-0.0827722557340092,0.01780240994596944,0.2133877472644972,0.7371121951741988,FALSE
Ptuh,8,cells.cm2,39,0.01588623364126431,-0.03048286552789162,0.06225533281042024,0.506659465622594,0.9109864373344739,FALSE
Ptuh,8,chla.ug.cm2,39,0.01134344389214747,-0.03726997770493666,0.0599568654892316,0.6502831787554074,0.9216327824231296,FALSE
Ptuh,8,calc.umol.cm2.hr,37,-0.0394360819029122,-0.08674931558063526,0.00787715177481086,0.11266032826958322,0.5669358454856446,FALSE
Ptuh,8,Host_AFDW.mg.cm2,39,-0.06011369532414581,-0.1069302403514472,-0.013297150296844418,0.016315079959498848,0.2881503000164719,FALSE
Ptuh,2,cells.cm2,39,-0.03304644310270981,-0.08422073184438496,0.018127845638965343,0.21354279598485107,0.7371121951741988,FALSE
Ptuh,2,chla.ug.cm2,39,-0.05233718765541712,-0.1018124257344456,-0.0028619495763886407,0.04515762535986798,0.3913660864521892,FALSE
Ptuh,2,calc.umol.cm2.hr,37,-0.005896632936105629,-0.06015313429150378,0.048359868419292525,0.8325723836836638,0.9837772641576927,FALSE
Ptuh,2,Host_AFDW.mg.cm2,39,-0.05728437591636105,-0.1061872790349763,-0.008381472797745801,0.027447290441953893,0.30174356607428426,FALSE
Ptuh,33,cells.cm2,39,-0.06575236253601908,-0.10820395809758498,-0.023300766974453185,0.004675422381856116,0.176332930772467,FALSE
Ptuh,33,chla.ug.cm2,39,-0.057227131651859615,-0.10418356288561931,-0.01027070041809993,0.02216540769357476,0.2881503000164719,FALSE
Ptuh,33,calc.umol.cm2.hr,37,-0.011496991205061048,-0.06156890071026364,0.03857491830014154,0.6557771721087653,0.9216327824231296,FALSE
Ptuh,33,Host_AFDW.mg.cm2,39,-0.017136196922058,-0.06775300229266099,0.03348060844854499,0.5111162126075952,0.9109864373344739,FALSE
Ptuh,29,cells.cm2,39,0.015465811661427659,-0.007023177718111756,0.03795480104096707,0.18827647909719525,0.7045733954972023,FALSE
Ptuh,29,chla.ug.cm2,39,0.002607574051663176,-0.02228106375916231,0.02749621186248866,0.8387331803395714,0.9837772641576927,FALSE
Ptuh,29,calc.umol.cm2.hr,37,7.202585040290549e-5,-0.020162674406440463,0.02030672610724627,0.9944858789067044,0.99986798509244,FALSE
Ptuh,29,Host_AFDW.mg.cm2,39,0.012069598574516975,-0.013607992903528895,0.03774719005256284,0.36439544974437144,0.9023125422241579,FALSE
Ptuh,39,cells.cm2,39,0.0043532308973268565,-0.009693872627948399,0.01840033442260211,0.5484412846065775,0.9216327824231296,FALSE
Ptuh,39,chla.ug.cm2,39,-1.7028315389994754e-5,-0.015214494207117263,0.015180437576337275,0.9982631432096153,0.99986798509244,FALSE
Ptuh,39,calc.umol.cm2.hr,37,0.01118528958670118,-0.0026110386400602925,0.024981617813462653,0.12404711309711136,0.6047296763484179,FALSE
Ptuh,39,Host_AFDW.mg.cm2,39,0.0063268304260396,-0.009397052183864626,0.022050713035943824,0.4368339820938416,0.9109864373344739,FALSE
Ptuh,24,cells.cm2,39,0.010904109093343484,-0.014757057735353234,0.0365652759220402,0.4117901963891569,0.9109864373344739,FALSE
Ptuh,24,chla.ug.cm2,39,2.3732748974194326e-6,-0.02787326620702473,0.027878012756819573,0.99986798509244,0.99986798509244,FALSE
Ptuh,24,calc.umol.cm2.hr,37,0.010250563231192262,-0.016991329409237067,0.037492455871621595,0.4672065656578934,0.9109864373344739,FALSE
Ptuh,24,Host_AFDW.mg.cm2,39,-0.01640778050235517,-0.044930354419834936,0.012114793415124593,0.2685183741106701,0.7757197474308247,FALSE
Ptuh,27,cells.cm2,39,0.0047539753208435025,-0.01893846816638993,0.028446418808076933,0.6970274832744607,0.937381787851861,FALSE
Ptuh,27,chla.ug.cm2,39,-0.008877712534986234,-0.0343020896787323,0.01654666460875983,0.49913463721951035,0.9109864373344739,FALSE
Ptuh,27,calc.umol.cm2.hr,37,0.004776797047691825,-0.018469356010935828,0.02802295010631948,0.6903560147900987,0.9364829418022208,FALSE
Ptuh,27,Host_AFDW.mg.cm2,39,-0.0015424273160660532,-0.028149300651620888,0.02506444601948878,0.9103060296012028,0.9923318372262298,FALSE
Ptuh,34,cells.cm2,39,0.02499552622207327,0.006335395347058528,0.04365565709708801,0.013800279766396589,0.2881503000164719,FALSE
Ptuh,34,chla.ug.cm2,39,0.021987008577094007,0.0011502714077457135,0.0428237457464423,0.04776206505869916,0.39215169206089845,FALSE
Ptuh,34,calc.umol.cm2.hr,37,-5.830443453972103e-4,-0.021053571999719196,0.01988748330892478,0.9559022150872979,0.99986798509244,FALSE
Ptuh,34,Host_AFDW.mg.cm2,39,0.019524767054674073,-0.0026462087796117507,0.0416957428889599,0.09502690334987585,0.5498572541723828,FALSE
Ptuh,37,cells.cm2,39,6.788498213259362e-4,-0.02976842992327067,0.031126129565922544,0.9654405819118148,0.99986798509244,FALSE
Ptuh,37,chla.ug.cm2,39,-0.004759304375903824,-0.03720697868311833,0.027688369931310675,0.7757114922222398,0.9758951031183016,FALSE
Ptuh,37,calc.umol.cm2.hr,37,0.019326317596511725,-0.010952763989835534,0.049605399182858986,0.22158828103467587,0.7371121951741988,FALSE
Ptuh,37,Host_AFDW.mg.cm2,39,-0.015223061936188534,-0.04872777429716853,0.018281650424791462,0.3800896589161954,0.9064342486696088,FALSE
Ptuh,3,cells.cm2,39,0.025407512052049414,-0.022923700602452475,0.0737387247065513,0.3101606063902504,0.8342250792565356,FALSE
Ptuh,3,chla.ug.cm2,39,0.014257904316634243,-0.03649859198225752,0.065014400615526,0.5852795440746599,0.9216327824231296,FALSE
Ptuh,3,calc.umol.cm2.hr,37,0.030293905354844018,-0.01646682158738933,0.07705463229707737,0.21342187719600966,0.7371121951741988,FALSE
Ptuh,3,Host_AFDW.mg.cm2,39,-0.011339994880686712,-0.06290301026525308,0.04022302050387966,0.6689642719355373,0.9235258975393258,FALSE
Ptuh,35,cells.cm2,39,0.014812241229099486,-0.009980970812559158,0.03960545327075813,0.25121463122816307,0.7409399210720027,FALSE
Ptuh,35,chla.ug.cm2,39,0.0033296329202293054,-0.023833433376186246,0.030492699216644856,0.8118023345238117,0.9837772641576927,FALSE
Ptuh,35,calc.umol.cm2.hr,37,0.017373428491308074,-0.00793268674318582,0.04267954372580197,0.18969283724924677,0.7045733954972023,FALSE
Ptuh,35,Host_AFDW.mg.cm2,39,0.02143280714695836,-0.006082579065507205,0.04894819335942392,0.1373812354491581,0.6230895124199451,FALSE
Ptuh,26,cells.cm2,39,0.035681741323662974,0.002366249446982098,0.06899723320034384,0.044422953224155994,0.3913660864521892,FALSE
Ptuh,26,chla.ug.cm2,39,0.014108786369852374,-0.023696406870837128,0.05191397961054188,0.4699645027820384,0.9109864373344739,FALSE
Ptuh,26,calc.umol.cm2.hr,37,0.011688192398837388,-0.023516968877978453,0.04689335367565323,0.5206268113376364,0.9109864373344739,FALSE
Ptuh,26,Host_AFDW.mg.cm2,39,-0.005928901333944995,-0.04534672214295944,0.03348891947506945,0.7700516135517734,0.9758951031183016,FALSE
Ptuh,20,cells.cm2,39,0.02670788606905513,-0.0095910694165674,0.06300684155467766,0.15963108199134685,0.6385243279653874,FALSE
Ptuh,20,chla.ug.cm2,39,0.008912714466334137,-0.030992787273688382,0.04881821620635665,0.6645367330505498,0.9235258975393258,FALSE
Ptuh,20,calc.umol.cm2.hr,37,0.005236029012988328,-0.02732067298942116,0.03779273101539782,0.7550011943269177,0.9758951031183016,FALSE
Ptuh,20,Host_AFDW.mg.cm2,39,-0.016258915383683653,-0.05732005532741875,0.02480222456005144,0.4432866645261422,0.9109864373344739,FALSE
Ptuh,9,cells.cm2,39,-0.00965770538722705,-0.06159026544642057,0.04227485467196647,0.717603976187112,0.956805301582816,FALSE
Ptuh,9,chla.ug.cm2,39,-0.0077752937724706785,-0.060212933308989976,0.044662345764048615,0.7729802724404344,0.9758951031183016,FALSE
Ptuh,9,calc.umol.cm2.hr,37,-0.01813506666441685,-0.06430482930797074,0.028034695979137037,0.4465503490834498,0.9109864373344739,FALSE
Ptuh,9,Host_AFDW.mg.cm2,39,-0.021853374550910836,-0.07422189794691224,0.030515148845090562,0.41887043708479743,0.9109864373344739,FALSE
Ptuh,17,cells.cm2,39,-0.017026183259947918,-0.0689559388934996,0.03490357237360376,0.5244700941021936,0.9109864373344739,FALSE
Ptuh,17,chla.ug.cm2,39,-0.016055141064629234,-0.06831442881289751,0.036204146683639034,0.5507999233903531,0.9216327824231296,FALSE
Ptuh,17,calc.umol.cm2.hr,37,0.012008618063865342,-0.03659959716476244,0.06061683329249312,0.6312549052581371,0.9216327824231296,FALSE
Ptuh,17,Host_AFDW.mg.cm2,39,0.0026295580554473335,-0.050081994114660515,0.05534111022555518,0.9226708201129612,0.9923318372262298,FALSE
Ptuh,1,cells.cm2,39,-0.019989972362977965,-0.07182729137930184,0.031847346653345904,0.4545766658499826,0.9109864373344739,FALSE
Ptuh,1,chla.ug.cm2,39,-0.04540609636868433,-0.09572318713490759,0.00491099439753892,0.08539126508000723,0.5495395190659348,FALSE
Ptuh,1,calc.umol.cm2.hr,37,0.014578643693625456,-0.03689603614416493,0.06605332353141584,0.5824438012340072,0.9216327824231296,FALSE
Ptuh,1,Host_AFDW.mg.cm2,39,-0.00292761824635534,-0.05563105396785032,0.04977581747513964,0.9139266006259437,0.9923318372262298,FALSE
Ptuh,36,cells.cm2,39,0.026786205278196112,-0.017532666432901946,0.07110507698929416,0.24496148190660794,0.7409399210720027,FALSE
Ptuh,36,chla.ug.cm2,39,-0.007196986040941309,-0.05488687060199426,0.04049289852011164,0.7691660541684038,0.9758951031183016,FALSE
Ptuh,36,calc.umol.cm2.hr,37,0.03847815884422535,-0.001977216365900862,0.07893353405435155,0.07236703065629284,0.49083725140789924,FALSE
Ptuh,36,Host_AFDW.mg.cm2,39,-0.003487372734450669,-0.05246516427897624,0.0454904188100749,0.8897972173691296,0.9923318372262298,FALSE
