species,Power,SFT.R.sq,slope,truncated.R.sq,mean.k.,median.k.,max.k.
Apul,1,0.11851275653795518,3.4721114870577976,0.6070969073430703,10726.81010504643,10819.317177579853,11829.299884214226
Apul,2,0.09281732721362122,-2.323798895334103,0.8327921567897735,5908.221311225876,5819.493963168892,7584.60802536652
Apul,3,0.3462489934532006,-3.026793074084403,0.84806591884825,3458.47282409165,3318.645585236559,5265.393501490914
Apul,4,0.5664048065346069,-3.0965289072165603,0.9185547366830608,2127.8853442853992,2003.7965891175959,3856.779436398242
Apul,5,0.6495975005913432,-2.832406225156285,0.9394406805634756,1365.578140334265,1248.2593286865017,2923.8924461625706
Apul,6,0.7038261287783741,-2.6177720156986655,0.9466523520932888,908.8958422789694,798.0484208153241,2275.838400516935
Apul,7,0.7269786842644439,-2.434330475553125,0.9368583134630616,624.6096847116598,523.6599025303965,1809.0330184517359
Apul,8,0.749721160408077,-2.274325319515811,0.9213416897979197,441.60745392904954,350.39532978372085,1462.9589784422642
Apul,9,0.7669338747343746,-2.1018084304380382,0.8941012129586032,320.25534934919847,238.76451101902467,1200.2650635499335
Apul,10,0.8569189663662685,-1.8637235811055974,0.9317125383193144,237.62062669191928,165.66082173719627,996.8830169359991
Apul,12,0.9616573725660801,-1.7177844171719965,0.9963702294368657,138.91547108466648,84.23271131802827,766.1754171589447
Apul,14,0.9721058056609474,-1.719456360345075,0.9980178659635659,86.9614000532148,45.09198353278769,648.9545152318228
Apul,16,0.9802043947859818,-1.6826039668303296,0.9980111825195307,57.6288222592708,24.938082300885362,561.7492042047738
Apul,18,0.9832810261642098,-1.6358685751696904,0.9937784511729193,40.057550774733976,14.327414312643826,494.24141862487016
Apul,20,0.9844455663132997,-1.586471843353574,0.9894193807734566,28.986141301374037,8.510106415048533,440.3782271118406
Apul,22,0.9889394794298005,-1.5407736755141606,0.991429051329904,21.700386453761062,5.220103365964693,396.37048520969796
Apul,24,0.9886462907253285,-1.4967976412095962,0.9889435547520905,16.722126439353037,3.2690264772063924,359.721850748558
Apul,26,0.9885719976614892,-1.4592320056664927,0.987250051425884,13.207412320869429,2.1071254248934146,328.87651665984987
Apul,28,0.9856488962106269,-1.4321623188212613,0.9832076140957422,10.653979849631902,1.3915905761554088,302.90782965117756
Apul,30,0.9881760550595207,-1.403356328161713,0.9856594904335604,8.751742866980527,0.9314503444132638,280.4113595905348
Peve,1,0.017926608429280472,4.370778040062542,0.8521738992522874,10480.004216388104,10505.902958298318,11078.332688258952
Peve,2,0.09171626682289939,-5.7825274574907075,0.8988853743149527,5581.624483930972,5545.18678250464,6499.379372011371
Peve,3,0.26482903208799063,-5.961951854332464,0.8810915398568486,3120.7054718730333,3076.871511013206,4130.328972515383
Peve,4,0.46461810498171896,-5.840151362821951,0.9215447301066566,1819.8051203492719,1775.9993247240654,2790.8952969826696
Peve,5,0.5880423913438633,-5.165099361797785,0.9524019754544795,1101.3237954324834,1059.0083643160508,1967.012085470729
Peve,6,0.6372709454009092,-4.536759270105449,0.9604909751296155,688.9650909015635,650.6783701237443,1432.7810055965704
Peve,7,0.6744888858578818,-3.9852017555500785,0.9650125519002238,444.0700940537575,409.7857181415611,1071.6269075487805
Peve,8,0.7016470967703518,-3.629189201072767,0.9622221965850373,294.0908492183534,264.22899185964576,819.0911225711469
Peve,9,0.7337165523275602,-3.3184144350076648,0.9586657511093932,199.6454299284536,173.7415961622765,637.5109095658086
Peve,10,0.7654735194505308,-3.015381569267041,0.9530872575157356,138.63987238041796,116.3044514873715,503.8585761832616
Peve,12,0.8653826371526503,-2.5087650643780774,0.9772513216641808,71.05772890567616,54.64300498896071,328.91114687728725
Peve,14,0.884499378936674,-2.499994039547501,0.9782317320481206,39.10572008255961,27.2406933900951,247.15734218186066
Peve,16,0.8922151608806915,-2.4402979091516355,0.9794602102030227,22.873744758334865,14.290453886184032,192.20230878464915
Peve,18,0.8983356484063414,-2.354026665698883,0.979399918100238,14.099234239728434,7.880505070760263,152.9928294574589
Peve,20,0.9084917328671626,-2.2570119178751216,0.9849066325892988,9.092647952208248,4.5210527294289,123.98433645447504
Peve,22,0.9159786056801927,-2.1654462565100845,0.9871813350928967,6.097879321071867,2.6805946469892326,101.91760756411529
Peve,24,0.9166897663832874,-2.0946539506913147,0.9869002632743951,4.23082200998515,1.6312945325802626,84.7592328347642
Peve,26,0.9246867846306865,-2.01478041150624,0.9894570593484133,3.0236972893732568,1.0212398750740386,71.17873761850022
Peve,28,0.9204166733756399,-1.9670192215519844,0.9848420508290497,2.217809311280724,0.6485640824595278,60.27145686808789
Peve,30,0.908264533437175,-1.9392897485635807,0.9771017043964014,1.6643195065806868,0.4211118881414404,51.40258209108365
Ptuh,1,0.3371096457664395,5.410803695856481,0.8928673377793898,10916.098241221427,11025.002055992805,12622.93278239627
Ptuh,2,0.010785751106546155,0.5031208715617537,0.8935231282330511,6128.010875563553,6153.30803637553,8261.565961460243
Ptuh,3,0.09794685372411072,-1.1884637802539233,0.9062417241949912,3629.154954988578,3592.2187776249048,5690.0137207738
Ptuh,4,0.2988427100798533,-1.8331515391163737,0.9285577455511317,2246.0044327909955,2182.5772835878497,4067.9973624439253
Ptuh,5,0.4267493325427424,-2.0246784494365437,0.9427345774887774,1442.564025529372,1371.4706984402537,2999.0013664304543
Ptuh,6,0.5107013163181755,-2.1022302361621112,0.9518179951533515,956.5445983633167,887.0743283885238,2272.515757641154
Ptuh,7,0.5684592179200253,-2.1673462831957506,0.9543996300743071,652.1399205422582,588.7779128463395,1756.078500703695
Ptuh,8,0.613548405095974,-2.14378852845266,0.9627302346459358,455.6278443084612,402.70747058353726,1379.6214975335702
Ptuh,9,0.6544443735418635,-2.146153159698301,0.9695500011100106,325.33958287636347,281.91882426384126,1099.3666260219925
Ptuh,10,0.6902053559795135,-2.1504840425289133,0.975796091261978,236.88407598321498,200.15591345747887,886.9424582024953
Ptuh,12,0.7437996897509214,-2.1826508342389626,0.9818724688493681,132.16675280912523,105.03101209129868,595.7464360635006
Ptuh,14,0.7740243225769498,-2.2131528953760258,0.9855173087129899,78.15513461207733,57.621931601406565,418.35321382498813
Ptuh,16,0.7950393252857778,-2.2252619974680345,0.9873245997295272,48.519027055340736,32.92650237400382,305.4701406200801
Ptuh,18,0.8024340753349635,-2.2382650301780376,0.9870479151086752,31.387461087569537,19.29217111294269,228.82840401377047
Ptuh,20,0.8101997331429618,-2.2270296940968732,0.98807028689804,21.033952306068826,11.706080255299506,175.10711698061021
Ptuh,22,0.8191597705874153,-2.19881023150709,0.9887010972934377,14.53240337417712,7.332168104643419,136.4292025704283
Ptuh,24,0.821018315439776,-2.1745277845880326,0.9866886434492164,10.311541421019626,4.7308289386002835,107.94039866280936
Ptuh,26,0.8166234877727497,-2.1555900703888167,0.9819140465018384,7.490310653129079,3.1002025102663033,86.54158152433686
Ptuh,28,0.8127582805227989,-2.132687771729499,0.9757711316295118,5.555540133092831,2.068512581749834,70.19276319639177
Ptuh,30,0.8194634842634947,-2.066100295930893,0.9699443976666559,4.198113794634994,1.4114956560737761,57.514905716776525
