species,site,colony,TP1,TP2,TP3,TP4
Apul,Mahana,ACR-225,1,1,1,1
Apul,Mahana,ACR-229,1,1,1,1
Apul,Mahana,ACR-237,1,1,1,1
Apul,Mahana,ACR-244,1,1,1,1
Apul,Mahana,ACR-265,1,1,1,1
Apul,Manava,ACR-139,1,1,1,1
Apul,Manava,ACR-145,1,1,1,1
Apul,Manava,ACR-150,1,1,1,1
Apul,Manava,ACR-173,1,1,1,1
Apul,Manava,ACR-186,1,1,1,1
Peve,Mahana,POR-216,1,1,1,1
Peve,Mahana,POR-236,1,1,0,0
Peve,Mahana,POR-245,1,1,1,1
Peve,Mahana,POR-260,1,1,1,1
Peve,Mahana,POR-262,1,1,1,1
Peve,Manava,POR-69,1,1,1,1
Peve,Manava,POR-72,1,1,1,1
Peve,Manava,POR-73,1,1,1,1
Peve,Manava,POR-74,1,1,1,1
Peve,Manava,POR-83,1,1,1,1
Ptuh,Mahana,POC-201,1,1,1,0
Ptuh,Mahana,POC-219,1,1,1,1
Ptuh,Mahana,POC-222,1,1,1,1
Ptuh,Mahana,POC-255,1,1,1,1
Ptuh,Mahana,POC-259,1,1,1,1
Ptuh,Manava,POC-40,1,1,1,1
Ptuh,Manava,POC-42,1,1,1,1
Ptuh,Manava,POC-52,1,1,1,1
Ptuh,Manava,POC-53,1,1,1,1
Ptuh,Manava,POC-57,1,1,1,1
