species,component,median,q25,q75
Apul,colony,0.08093061904871848,6.1419407719107446e-12,0.2640384321460098
Apul,timepoint,0.10358277589279098,0.00870312918497708,0.25963867815933334
Apul,site,0,0,0.024794698702669128
Apul,Residuals,0.6524929893250702,0.4797001909129551,0.8261770900873836
Peve,colony,0.13344360721928483,2.9878407943001244e-9,0.34182292588217367
Peve,timepoint,3.0507895659470562e-5,1.5822618159926374e-20,0.054531095187522374
Peve,site,3.0160301004716235e-12,0,0.08123631063824513
Peve,Residuals,0.733741201716621,0.5287330100009948,0.8934114038445835
Ptuh,colony,0.0861126803766549,2.617944482228038e-12,0.25368799845629897
Ptuh,timepoint,0.013234584039351627,8.759560213707203e-18,0.07811307977967197
Ptuh,site,0,0,0.033223580259278906
Ptuh,Residuals,0.8001240825305658,0.6213014554180469,0.9393056474317942
