species,bin,strata,strata_kept,lncrna_gene_pairs_kept,lncrna_gene_frac_kept,gene_gene_orient_kept
Apul,2-10 kb,225,208,11484,0.7295597484276729,29210
Apul,10-50 kb,225,216,54187,0.8015591254696607,109406
Apul,50-100 kb,225,216,67296,0.802088175349519,126636
Apul,2-10 kb,81,81,15741,1,29216
Apul,10-50 kb,81,81,67602,1,109406
Apul,50-100 kb,81,81,83901,1,126636
Peve,2-10 kb,225,215,4328,0.7684659090909091,18589
Peve,10-50 kb,225,225,18321,1,49700
Peve,50-100 kb,225,222,13741,0.937120643797313,39505
Peve,2-10 kb,81,81,5632,1,18780
Peve,10-50 kb,81,81,18321,1,49700
Peve,50-100 kb,81,81,14663,1,39550
Ptuh,2-10 kb,225,205,7238,0.6198509891239188,32134
Ptuh,10-50 kb,225,210,34882,0.6449954697583254,125295
Ptuh,50-100 kb,225,208,41910,0.6378412930325997,143533
Ptuh,2-10 kb,81,81,11677,1,32498
Ptuh,10-50 kb,81,81,54081,1,125308
Ptuh,50-100 kb,81,81,65706,1,143550
