species,colony,n_samples,within,between
Apul,ACR-139,4,0,0.187768343412386
Apul,ACR-140,4,0,0.187768343412386
Apul,ACR-145,4,0,0.187768343412386
Apul,ACR-150,4,0.3711300994325806,0.408997175161301
Apul,ACR-173,4,0,0.187768343412386
Apul,ACR-175,3,0,0.1877023594636623
Apul,ACR-176,2,0.023183467891267334,0.19859706423565734
Apul,ACR-178,3,0.13209267535961608,0.6628920084471199
Apul,ACR-180,2,0.01408820901014562,0.19532192474356122
Apul,ACR-185,2,0.06943250214961305,0.8670830331911212
Apul,ACR-186,4,0.3545428198687844,0.4675378168310371
Apul,ACR-187,2,0,0.19170468188960493
Apul,ACR-190,4,0,0.187768343412386
Apul,ACR-210,2,0,0.19462792704176865
Apul,ACR-213,2,0,0.19462792704176865
Apul,ACR-218,2,0.11701074994700869,0.5950740390765668
Apul,ACR-220,2,0,0.19462792704176865
Apul,ACR-225,4,0,0.187768343412386
Apul,ACR-228,2,0,0.19170468188960493
Apul,ACR-229,4,0.36974742110361714,0.3065912004940979
Apul,ACR-234,2,0,0.8952313448733967
Apul,ACR-237,4,0.4058529923694292,0.4188623746182232
Apul,ACR-241,2,0.5235019565319882,0.4516211243658877
Apul,ACR-244,4,0,0.187768343412386
Apul,ACR-256,2,0.19634797079337774,0.2985681959601507
Apul,ACR-265,4,0,0.187768343412386
Apul,ACR-267,2,0,0.19170468188960493
Apul,ACR-343,4,0,0.187768343412386
Apul,ACR-347,2,0.04511700097807188,0.27684138031137123
Apul,ACR-350,2,0,0.1819975825813181
Apul,ACR-351,2,0.020502478783295554,0.9928404042344048
Apul,ACR-364,4,0.09046281602387857,0.2226701177734302
Apul,ACR-368,2,0.10212597733462181,0.21532118295342054
Apul,ACR-389,2,0,0.8952313448733967
Apul,ACR-390,2,0,0.19170468188960493
Apul,ACR-393,3,0,0.1908672136050342
Apul,ACR-396,3,0.26721284560291314,0.3638292054962694
Apul,ACR-51,2,0.20891946658347416,0.4297781269451354
Peve,POR-209,4,0,0.8751316477682963
Peve,POR-214,4,0,0.9113924050632911
Peve,POR-216,4,0,0.9874318136919585
Peve,POR-221,4,0,0.8751316477682963
Peve,POR-224,4,0.010831809872029224,0.8751316477682963
Peve,POR-235,2,0,0.4893028850683471
Peve,POR-236,2,0,0.4893028850683471
Peve,POR-240,4,0.6666666666666666,0.8734177215189873
Peve,POR-242,4,0.5830455758822521,0.91085127224406
Peve,POR-245,4,0.030191138140747184,0.4867681925815774
Peve,POR-251,2,1,0.9146341463414634
Peve,POR-253,4,0,0.9113924050632911
Peve,POR-260,4,0,1
Peve,POR-262,3,0,0.47626831215387505
Peve,POR-266,2,0,0.8928571428571429
Peve,POR-338,4,0,0.47983658030071696
Peve,POR-340,4,0.5,0.6121733703924267
Peve,POR-341,4,0,0.47983658030071696
Peve,POR-349,4,0,0.47983658030071696
Peve,POR-353,3,0.6666666666666666,0.8699186991869918
Peve,POR-354,4,0,0.47983658030071696
Peve,POR-355,3,0.6768016297428062,0.6477978474884643
Peve,POR-357,4,0.9521228902953587,0.8054097900977407
Peve,POR-362,3,0.6666666666666666,0.6472084830940462
Peve,POR-365,4,0,0.47983658030071696
Peve,POR-367,4,0.8333333333333334,0.9621153579957559
Peve,POR-381,4,0,0.8751316477682963
Peve,POR-383,4,0,0.479836580300717
Peve,POR-384,4,0,0.9113924050632911
Peve,POR-385,4,0,0.479836580300717
Peve,POR-69,4,0.8333333333333334,0.7513464388719755
Peve,POR-70,4,0,0.479836580300717
Peve,POR-71,4,0.005327590115620023,0.4812527751415782
Peve,POR-72,4,0,0.479836580300717
Peve,POR-73,3,0.6666666666666666,0.991304347826087
Peve,POR-74,4,0,0.9620253164556962
Peve,POR-75,4,0,0.9620253164556962
Peve,POR-76,4,0,0.479836580300717
Peve,POR-77,2,0,0.4893028850683471
Peve,POR-78,2,0,0.4893028850683471
Peve,POR-79,4,0.5,0.6190096487802658
Peve,POR-80,3,0,0.4886296125670013
Peve,POR-81,4,0,0.479836580300717
Peve,POR-82,4,0,0.479836580300717
Peve,POR-83,4,0.5,0.6190096487802658
Ptuh,POC-200,4,0,0.702072898847441
Ptuh,POC-201,2,0.014104046242774587,0.7130594770362385
Ptuh,POC-205,3,0,0.7081043918886414
Ptuh,POC-207,3,0,0.8910866306631704
Ptuh,POC-219,4,0.01758128053978377,0.706231516540724
Ptuh,POC-222,4,0.5,0.7953889497358325
Ptuh,POC-238,4,0.013962196925822252,0.7030316615705159
Ptuh,POC-239,3,0.002341286494376088,0.7106606460953602
Ptuh,POC-248,4,0,0.8991358010124372
Ptuh,POC-254,4,0,0.8991358010124372
Ptuh,POC-255,4,0.5182666534299614,0.8148524535364524
Ptuh,POC-257,3,0.6666666666666666,0.7934369263966148
Ptuh,POC-259,4,0.5,0.813256773937354
Ptuh,POC-346,3,0.6666666666666666,0.8806725082222847
Ptuh,POC-358,4,0.5,0.785315488227775
Ptuh,POC-359,4,0.5,0.8550608137208325
Ptuh,POC-366,4,0,0.994421325443386
Ptuh,POC-369,4,0,0.8777729029696122
Ptuh,POC-371,4,0.021392980935875217,0.9164315384628141
Ptuh,POC-372,4,0.5128944873357714,0.7890372963462334
Ptuh,POC-373,4,0.6666666666666666,0.8518624739484343
Ptuh,POC-375,4,0.6666666666666666,0.8197511469212292
Ptuh,POC-377,4,0.5267954442562708,0.7713326067410404
Ptuh,POC-378,4,0.5,0.9036221146631647
Ptuh,POC-386,4,0.5,0.7336382948240243
Ptuh,POC-391,4,0.5,0.8132567739373541
Ptuh,POC-394,3,0,0.6898626982711432
Ptuh,POC-395,3,0.023127876950712917,0.7003520295737323
Ptuh,POC-40,4,0.5,0.8192030598593985
Ptuh,POC-42,4,0.5,0.8906761287760638
Ptuh,POC-43,4,0,0.7744431191097246
Ptuh,POC-44,4,0,0.7744431191097246
Ptuh,POC-45,4,0,0.702072898847441
Ptuh,POC-47,4,0.8333333333333334,0.8524858415724182
Ptuh,POC-48,4,0.009320905459387444,0.9166456102174794
Ptuh,POC-50,4,0.6336317135549873,0.7139398575520827
Ptuh,POC-52,4,0,0.7744431191097246
Ptuh,POC-53,3,0.020571165890938388,0.6990640765054003
Ptuh,POC-55,4,0.5,0.841239522585242
Ptuh,POC-56,2,1,0.8006849995036236
Ptuh,POC-57,4,0.5,0.8918303830899802
Ptuh,POC-68,4,0.5,0.7745470965179992
