species,layer,term,R2,R2_lo,R2_hi,p,p_permutation
Apul,expression,colony,0.3735492481038244,0.3691587873299251,0.37825066030532223,0.001,unrestricted
Apul,expression,timepoint,0.2514692013831315,0.2477826621850176,0.2545917207840647,0.001,within colony
Apul,methylation,colony,0.690332323853539,0.6883429962379335,0.6925000350936222,0.001,unrestricted
Apul,methylation,timepoint,0.04293077082136776,0.04248428491145198,0.04334432326798381,0.007,within colony
Peve,expression,colony,0.523440110410325,0.5195257198978057,0.5283645084147983,0.001,unrestricted
Peve,expression,timepoint,0.08623899353056365,0.08484424159074923,0.0873057671283602,0.005,within colony
Peve,methylation,colony,0.6203392766510369,0.6185302118908639,0.621845909853721,0.001,unrestricted
Peve,methylation,timepoint,0.04360166035189432,0.04330166042153384,0.04387654234683295,0.114,within colony
Ptuh,expression,colony,0.44581795378824535,0.441854923814108,0.44904942042761614,0.001,unrestricted
Ptuh,expression,timepoint,0.11892881443282496,0.11745328152116491,0.12045008418371295,0.016,within colony
Ptuh,methylation,colony,0.6635011781639799,0.6621503829333643,0.6648223617952653,0.001,unrestricted
Ptuh,methylation,timepoint,0.04843127470051318,0.048184837568878286,0.048722021361141676,0.005,within colony
