species,layer,component,median,q25,q75
Apul,expression,colony,0.07927879143898055,5.915606569893835e-12,0.2624790461721084
Apul,expression,timepoint,0.10185636186649338,0.007860780544872095,0.2587051972059974
Apul,expression,site,0,0,0.020058437403262602
Apul,expression,Residuals,0.6564957323565106,0.48297527673205115,0.8305239270821658
Apul,methylation,colony,0.15450472312640556,0,0.5262148984893954
Apul,methylation,timepoint,1.722769847939194e-12,0,0.018160612619131263
Apul,methylation,site,0,0,1.2787449550759069e-12
Apul,methylation,Residuals,0.8057691678197137,0.438570331559201,0.9970803552686138
Peve,expression,colony,0.13617953758115736,1.8936636458185732e-9,0.347384479094934
Peve,expression,timepoint,0.0042632597594483975,1.497561536872021e-18,0.06334484618843936
Peve,expression,site,1.6619787333983395e-12,0,0.0781881363643767
Peve,expression,Residuals,0.7257433349359826,0.5194973630897471,0.8905378642992201
Peve,methylation,colony,0.05939349924662143,0,0.35380216390430186
Peve,methylation,timepoint,4.882773491475075e-14,0,0.01148935601493918
Peve,methylation,site,0,0,2.059712011189478e-12
Peve,methylation,Residuals,0.8940466668023862,0.6045814661905999,1
Ptuh,expression,colony,0.08916346090088231,3.888316809036349e-16,0.259747873476584
Ptuh,expression,timepoint,0.014201605584881198,1.6290873692431252e-21,0.1013226400478472
Ptuh,expression,site,0,0,0.01841716613245814
Ptuh,expression,Residuals,0.7887826517055871,0.5980625165099578,0.9398828659404099
Ptuh,methylation,colony,0,0,0.045063779587258726
Ptuh,methylation,timepoint,0,0,3.124639545577269e-9
Ptuh,methylation,site,0,0,0
Ptuh,methylation,Residuals,0.9999999999999972,0.8763634695143904,1
