species,genes,mirna,lncrna,cpg,metabolomics,lipidomics,n_views,sample_id,colony,timepoint
Apul,TRUE,TRUE,TRUE,TRUE,TRUE,TRUE,6,ACR-139-TP1,ACR-139,TP1
Apul,TRUE,TRUE,TRUE,TRUE,FALSE,FALSE,4,ACR-139-TP2,ACR-139,TP2
Apul,TRUE,TRUE,TRUE,TRUE,TRUE,TRUE,6,ACR-139-TP3,ACR-139,TP3
Apul,TRUE,TRUE,TRUE,TRUE,TRUE,TRUE,6,ACR-139-TP4,ACR-139,TP4
Apul,TRUE,TRUE,TRUE,TRUE,TRUE,TRUE,6,ACR-145-TP1,ACR-145,TP1
Apul,TRUE,TRUE,TRUE,TRUE,FALSE,FALSE,4,ACR-145-TP2,ACR-145,TP2
Apul,TRUE,TRUE,TRUE,TRUE,TRUE,TRUE,6,ACR-145-TP3,ACR-145,TP3
Apul,TRUE,TRUE,TRUE,TRUE,TRUE,TRUE,6,ACR-145-TP4,ACR-145,TP4
Apul,TRUE,TRUE,TRUE,TRUE,TRUE,TRUE,6,ACR-150-TP1,ACR-150,TP1
Apul,TRUE,TRUE,TRUE,TRUE,FALSE,FALSE,4,ACR-150-TP2,ACR-150,TP2
Apul,TRUE,TRUE,TRUE,TRUE,TRUE,TRUE,6,ACR-150-TP3,ACR-150,TP3
Apul,TRUE,TRUE,TRUE,TRUE,TRUE,TRUE,6,ACR-150-TP4,ACR-150,TP4
Apul,TRUE,TRUE,TRUE,TRUE,TRUE,TRUE,6,ACR-173-TP1,ACR-173,TP1
Apul,TRUE,TRUE,TRUE,TRUE,FALSE,FALSE,4,ACR-173-TP2,ACR-173,TP2
Apul,TRUE,TRUE,TRUE,TRUE,TRUE,TRUE,6,ACR-173-TP3,ACR-173,TP3
Apul,TRUE,TRUE,TRUE,TRUE,TRUE,TRUE,6,ACR-173-TP4,ACR-173,TP4
Apul,TRUE,TRUE,TRUE,TRUE,TRUE,TRUE,6,ACR-186-TP1,ACR-186,TP1
Apul,TRUE,TRUE,TRUE,TRUE,FALSE,FALSE,4,ACR-186-TP2,ACR-186,TP2
Apul,TRUE,TRUE,TRUE,TRUE,TRUE,TRUE,6,ACR-186-TP3,ACR-186,TP3
Apul,TRUE,TRUE,TRUE,TRUE,TRUE,TRUE,6,ACR-186-TP4,ACR-186,TP4
Apul,TRUE,TRUE,TRUE,FALSE,TRUE,TRUE,5,ACR-225-TP1,ACR-225,TP1
Apul,TRUE,TRUE,TRUE,TRUE,FALSE,FALSE,4,ACR-225-TP2,ACR-225,TP2
Apul,TRUE,TRUE,TRUE,TRUE,TRUE,TRUE,6,ACR-225-TP3,ACR-225,TP3
Apul,TRUE,TRUE,TRUE,TRUE,TRUE,TRUE,6,ACR-225-TP4,ACR-225,TP4
Apul,TRUE,TRUE,TRUE,TRUE,TRUE,TRUE,6,ACR-229-TP1,ACR-229,TP1
Apul,TRUE,TRUE,TRUE,TRUE,FALSE,FALSE,4,ACR-229-TP2,ACR-229,TP2
Apul,TRUE,TRUE,TRUE,TRUE,TRUE,TRUE,6,ACR-229-TP3,ACR-229,TP3
Apul,TRUE,TRUE,TRUE,TRUE,TRUE,TRUE,6,ACR-229-TP4,ACR-229,TP4
Apul,TRUE,TRUE,TRUE,TRUE,TRUE,TRUE,6,ACR-237-TP1,ACR-237,TP1
Apul,TRUE,TRUE,TRUE,TRUE,FALSE,FALSE,4,ACR-237-TP2,ACR-237,TP2
Apul,TRUE,TRUE,TRUE,TRUE,TRUE,TRUE,6,ACR-237-TP3,ACR-237,TP3
Apul,TRUE,TRUE,TRUE,TRUE,TRUE,TRUE,6,ACR-237-TP4,ACR-237,TP4
Apul,TRUE,TRUE,TRUE,TRUE,TRUE,TRUE,6,ACR-244-TP1,ACR-244,TP1
Apul,TRUE,TRUE,TRUE,TRUE,FALSE,FALSE,4,ACR-244-TP2,ACR-244,TP2
Apul,TRUE,TRUE,TRUE,TRUE,TRUE,TRUE,6,ACR-244-TP3,ACR-244,TP3
Apul,TRUE,TRUE,TRUE,TRUE,TRUE,TRUE,6,ACR-244-TP4,ACR-244,TP4
Apul,TRUE,TRUE,TRUE,TRUE,TRUE,TRUE,6,ACR-265-TP1,ACR-265,TP1
Apul,TRUE,TRUE,TRUE,TRUE,FALSE,FALSE,4,ACR-265-TP2,ACR-265,TP2
Apul,TRUE,TRUE,TRUE,TRUE,TRUE,TRUE,6,ACR-265-TP3,ACR-265,TP3
Apul,TRUE,TRUE,TRUE,TRUE,FALSE,FALSE,4,ACR-265-TP4,ACR-265,TP4
Peve,TRUE,TRUE,TRUE,TRUE,TRUE,TRUE,6,POR-216-TP1,POR-216,TP1
Peve,TRUE,TRUE,TRUE,TRUE,TRUE,TRUE,6,POR-216-TP2,POR-216,TP2
Peve,TRUE,TRUE,TRUE,TRUE,TRUE,TRUE,6,POR-216-TP3,POR-216,TP3
Peve,TRUE,FALSE,TRUE,TRUE,TRUE,TRUE,5,POR-216-TP4,POR-216,TP4
Peve,TRUE,TRUE,TRUE,TRUE,TRUE,TRUE,6,POR-236-TP1,POR-236,TP1
Peve,TRUE,FALSE,TRUE,TRUE,TRUE,TRUE,5,POR-236-TP2,POR-236,TP2
Peve,TRUE,TRUE,TRUE,TRUE,TRUE,TRUE,6,POR-245-TP1,POR-245,TP1
Peve,TRUE,TRUE,TRUE,TRUE,TRUE,TRUE,6,POR-245-TP2,POR-245,TP2
Peve,TRUE,TRUE,TRUE,TRUE,TRUE,TRUE,6,POR-245-TP3,POR-245,TP3
Peve,TRUE,TRUE,TRUE,TRUE,TRUE,TRUE,6,POR-245-TP4,POR-245,TP4
Peve,TRUE,TRUE,TRUE,TRUE,TRUE,TRUE,6,POR-260-TP1,POR-260,TP1
Peve,TRUE,TRUE,TRUE,TRUE,TRUE,TRUE,6,POR-260-TP2,POR-260,TP2
Peve,TRUE,TRUE,TRUE,TRUE,TRUE,TRUE,6,POR-260-TP3,POR-260,TP3
Peve,TRUE,TRUE,TRUE,TRUE,TRUE,TRUE,6,POR-260-TP4,POR-260,TP4
Peve,TRUE,TRUE,TRUE,TRUE,TRUE,TRUE,6,POR-262-TP1,POR-262,TP1
Peve,TRUE,FALSE,TRUE,TRUE,TRUE,TRUE,5,POR-262-TP2,POR-262,TP2
Peve,TRUE,FALSE,TRUE,TRUE,TRUE,TRUE,5,POR-262-TP3,POR-262,TP3
Peve,TRUE,FALSE,TRUE,TRUE,TRUE,TRUE,5,POR-262-TP4,POR-262,TP4
Peve,TRUE,TRUE,TRUE,TRUE,TRUE,TRUE,6,POR-69-TP1,POR-69,TP1
Peve,TRUE,FALSE,TRUE,TRUE,TRUE,TRUE,5,POR-69-TP2,POR-69,TP2
Peve,TRUE,FALSE,TRUE,TRUE,TRUE,TRUE,5,POR-69-TP3,POR-69,TP3
Peve,TRUE,TRUE,TRUE,TRUE,TRUE,TRUE,6,POR-69-TP4,POR-69,TP4
Peve,TRUE,TRUE,TRUE,TRUE,TRUE,TRUE,6,POR-72-TP1,POR-72,TP1
Peve,TRUE,TRUE,TRUE,TRUE,TRUE,TRUE,6,POR-72-TP2,POR-72,TP2
Peve,TRUE,TRUE,TRUE,TRUE,TRUE,TRUE,6,POR-72-TP3,POR-72,TP3
Peve,TRUE,TRUE,TRUE,TRUE,TRUE,TRUE,6,POR-72-TP4,POR-72,TP4
Peve,TRUE,TRUE,TRUE,TRUE,TRUE,TRUE,6,POR-73-TP1,POR-73,TP1
Peve,TRUE,TRUE,TRUE,FALSE,TRUE,TRUE,5,POR-73-TP2,POR-73,TP2
Peve,TRUE,TRUE,TRUE,TRUE,TRUE,TRUE,6,POR-73-TP3,POR-73,TP3
Peve,TRUE,TRUE,TRUE,TRUE,TRUE,TRUE,6,POR-73-TP4,POR-73,TP4
Peve,TRUE,TRUE,TRUE,TRUE,TRUE,TRUE,6,POR-74-TP1,POR-74,TP1
Peve,TRUE,TRUE,TRUE,TRUE,TRUE,TRUE,6,POR-74-TP2,POR-74,TP2
Peve,TRUE,TRUE,TRUE,TRUE,TRUE,TRUE,6,POR-74-TP3,POR-74,TP3
Peve,TRUE,FALSE,TRUE,TRUE,TRUE,TRUE,5,POR-74-TP4,POR-74,TP4
Peve,TRUE,TRUE,TRUE,TRUE,TRUE,TRUE,6,POR-83-TP1,POR-83,TP1
Peve,TRUE,TRUE,TRUE,TRUE,TRUE,TRUE,6,POR-83-TP2,POR-83,TP2
Peve,TRUE,FALSE,TRUE,TRUE,TRUE,TRUE,5,POR-83-TP3,POR-83,TP3
Peve,TRUE,TRUE,TRUE,TRUE,TRUE,TRUE,6,POR-83-TP4,POR-83,TP4
Ptuh,TRUE,TRUE,TRUE,TRUE,TRUE,TRUE,6,POC-201-TP1,POC-201,TP1
Ptuh,TRUE,TRUE,TRUE,TRUE,FALSE,FALSE,4,POC-201-TP2,POC-201,TP2
Ptuh,TRUE,TRUE,TRUE,FALSE,TRUE,TRUE,5,POC-201-TP3,POC-201,TP3
Ptuh,TRUE,TRUE,TRUE,TRUE,TRUE,TRUE,6,POC-219-TP1,POC-219,TP1
Ptuh,TRUE,TRUE,TRUE,TRUE,FALSE,FALSE,4,POC-219-TP2,POC-219,TP2
Ptuh,TRUE,TRUE,TRUE,TRUE,TRUE,TRUE,6,POC-219-TP3,POC-219,TP3
Ptuh,TRUE,TRUE,TRUE,TRUE,TRUE,TRUE,6,POC-219-TP4,POC-219,TP4
Ptuh,TRUE,TRUE,TRUE,TRUE,TRUE,TRUE,6,POC-222-TP1,POC-222,TP1
Ptuh,TRUE,TRUE,TRUE,FALSE,FALSE,FALSE,3,POC-222-TP2,POC-222,TP2
Ptuh,TRUE,TRUE,TRUE,TRUE,TRUE,TRUE,6,POC-222-TP3,POC-222,TP3
Ptuh,TRUE,TRUE,TRUE,TRUE,TRUE,TRUE,6,POC-222-TP4,POC-222,TP4
Ptuh,TRUE,TRUE,TRUE,TRUE,TRUE,TRUE,6,POC-255-TP1,POC-255,TP1
Ptuh,TRUE,TRUE,TRUE,TRUE,FALSE,FALSE,4,POC-255-TP2,POC-255,TP2
Ptuh,TRUE,TRUE,TRUE,TRUE,TRUE,TRUE,6,POC-255-TP3,POC-255,TP3
Ptuh,TRUE,TRUE,TRUE,FALSE,TRUE,TRUE,5,POC-255-TP4,POC-255,TP4
Ptuh,TRUE,TRUE,TRUE,TRUE,TRUE,TRUE,6,POC-259-TP1,POC-259,TP1
Ptuh,TRUE,TRUE,TRUE,TRUE,FALSE,FALSE,4,POC-259-TP2,POC-259,TP2
Ptuh,TRUE,TRUE,TRUE,FALSE,TRUE,TRUE,5,POC-259-TP3,POC-259,TP3
Ptuh,TRUE,TRUE,TRUE,FALSE,TRUE,TRUE,5,POC-259-TP4,POC-259,TP4
Ptuh,TRUE,TRUE,TRUE,TRUE,TRUE,TRUE,6,POC-40-TP1,POC-40,TP1
Ptuh,TRUE,TRUE,TRUE,TRUE,FALSE,FALSE,4,POC-40-TP2,POC-40,TP2
Ptuh,TRUE,TRUE,TRUE,TRUE,TRUE,TRUE,6,POC-40-TP3,POC-40,TP3
Ptuh,TRUE,TRUE,TRUE,TRUE,TRUE,TRUE,6,POC-40-TP4,POC-40,TP4
Ptuh,TRUE,TRUE,TRUE,FALSE,TRUE,TRUE,5,POC-42-TP1,POC-42,TP1
Ptuh,TRUE,TRUE,TRUE,TRUE,FALSE,FALSE,4,POC-42-TP2,POC-42,TP2
Ptuh,TRUE,TRUE,TRUE,FALSE,TRUE,TRUE,5,POC-42-TP3,POC-42,TP3
Ptuh,TRUE,TRUE,TRUE,TRUE,TRUE,TRUE,6,POC-42-TP4,POC-42,TP4
Ptuh,TRUE,FALSE,TRUE,TRUE,TRUE,TRUE,5,POC-52-TP1,POC-52,TP1
Ptuh,TRUE,TRUE,TRUE,TRUE,FALSE,FALSE,4,POC-52-TP2,POC-52,TP2
Ptuh,TRUE,TRUE,TRUE,TRUE,TRUE,TRUE,6,POC-52-TP3,POC-52,TP3
Ptuh,TRUE,TRUE,TRUE,TRUE,TRUE,TRUE,6,POC-52-TP4,POC-52,TP4
Ptuh,TRUE,TRUE,TRUE,TRUE,TRUE,TRUE,6,POC-53-TP1,POC-53,TP1
Ptuh,TRUE,TRUE,TRUE,TRUE,FALSE,FALSE,4,POC-53-TP2,POC-53,TP2
Ptuh,TRUE,TRUE,TRUE,TRUE,TRUE,TRUE,6,POC-53-TP3,POC-53,TP3
Ptuh,TRUE,TRUE,TRUE,TRUE,TRUE,TRUE,6,POC-53-TP4,POC-53,TP4
Ptuh,TRUE,TRUE,TRUE,TRUE,TRUE,TRUE,6,POC-57-TP1,POC-57,TP1
Ptuh,TRUE,TRUE,TRUE,TRUE,FALSE,FALSE,4,POC-57-TP2,POC-57,TP2
Ptuh,TRUE,TRUE,TRUE,TRUE,TRUE,TRUE,6,POC-57-TP3,POC-57,TP3
Ptuh,TRUE,TRUE,TRUE,TRUE,TRUE,TRUE,6,POC-57-TP4,POC-57,TP4
